 ,Label,Mean,X,Y,Position
1,C2-vms40_6a_F1_Lm5_Biocytin488-HuCD-594-syt11bHCR647_1wpi_3D.czi:0001-0011,255,557.500,11.500,Dorsal
2,C2-vms40_6a_F1_Lm5_Biocytin488-HuCD-594-syt11bHCR647_1wpi_3D.czi:0002-0014,255,541.500,14.500,Dorsal
3,C2-vms40_6a_F1_Lm5_Biocytin488-HuCD-594-syt11bHCR647_1wpi_3D.czi:0003-0022,0,400.500,22.500,Dorsal
4,C2-vms40_6a_F1_Lm5_Biocytin488-HuCD-594-syt11bHCR647_1wpi_3D.czi:0004-0026,0,530.500,26.500,Dorsal
5,C2-vms40_6a_F1_Lm5_Biocytin488-HuCD-594-syt11bHCR647_1wpi_3D.czi:0005-0026,0,551.500,26.500,Dorsal
6,C2-vms40_6a_F1_Lm5_Biocytin488-HuCD-594-syt11bHCR647_1wpi_3D.czi:0006-0027,0,383.500,27.500,Dorsal
7,C2-vms40_6a_F1_Lm5_Biocytin488-HuCD-594-syt11bHCR647_1wpi_3D.czi:0007-0030,0,488.500,30.500,Dorsal
8,C2-vms40_6a_F1_Lm5_Biocytin488-HuCD-594-syt11bHCR647_1wpi_3D.czi:0008-0031,0,363.500,31.500,Dorsal
9,C2-vms40_6a_F1_Lm5_Biocytin488-HuCD-594-syt11bHCR647_1wpi_3D.czi:0009-0032,0,612.500,32.500,Dorsal
10,C2-vms40_6a_F1_Lm5_Biocytin488-HuCD-594-syt11bHCR647_1wpi_3D.czi:0010-0032,0,679.500,32.500,Dorsal
11,C2-vms40_6a_F1_Lm5_Biocytin488-HuCD-594-syt11bHCR647_1wpi_3D.czi:0011-0033,0,399.500,33.500,Dorsal
12,C2-vms40_6a_F1_Lm5_Biocytin488-HuCD-594-syt11bHCR647_1wpi_3D.czi:0012-0034,0,597.500,34.500,Dorsal
13,C2-vms40_6a_F1_Lm5_Biocytin488-HuCD-594-syt11bHCR647_1wpi_3D.czi:0013-0035,0,562.500,35.500,Dorsal
14,C2-vms40_6a_F1_Lm5_Biocytin488-HuCD-594-syt11bHCR647_1wpi_3D.czi:0014-0038,0,716.500,38.500,Dorsal
15,C2-vms40_6a_F1_Lm5_Biocytin488-HuCD-594-syt11bHCR647_1wpi_3D.czi:0015-0039,0,348.500,39.500,Dorsal
16,C2-vms40_6a_F1_Lm5_Biocytin488-HuCD-594-syt11bHCR647_1wpi_3D.czi:0016-0039,0,371.500,39.500,Dorsal
17,C2-vms40_6a_F1_Lm5_Biocytin488-HuCD-594-syt11bHCR647_1wpi_3D.czi:0017-0039,0,382.500,39.500,Dorsal
18,C2-vms40_6a_F1_Lm5_Biocytin488-HuCD-594-syt11bHCR647_1wpi_3D.czi:0018-0039,255,536.500,39.500,Dorsal
19,C2-vms40_6a_F1_Lm5_Biocytin488-HuCD-594-syt11bHCR647_1wpi_3D.czi:0019-0045,0,728.500,45.500,Dorsal
20,C2-vms40_6a_F1_Lm5_Biocytin488-HuCD-594-syt11bHCR647_1wpi_3D.czi:0020-0045,0,750.500,45.500,Dorsal
21,C2-vms40_6a_F1_Lm5_Biocytin488-HuCD-594-syt11bHCR647_1wpi_3D.czi:0021-0046,0,649.500,46.500,Dorsal
22,C2-vms40_6a_F1_Lm5_Biocytin488-HuCD-594-syt11bHCR647_1wpi_3D.czi:0022-0047,255,702.500,47.500,Dorsal
23,C2-vms40_6a_F1_Lm5_Biocytin488-HuCD-594-syt11bHCR647_1wpi_3D.czi:0023-0049,0,542.500,49.500,Dorsal
24,C2-vms40_6a_F1_Lm5_Biocytin488-HuCD-594-syt11bHCR647_1wpi_3D.czi:0024-0050,0,325.500,50.500,Dorsal
25,C2-vms40_6a_F1_Lm5_Biocytin488-HuCD-594-syt11bHCR647_1wpi_3D.czi:0025-0051,0,357.500,51.500,Dorsal
26,C2-vms40_6a_F1_Lm5_Biocytin488-HuCD-594-syt11bHCR647_1wpi_3D.czi:0026-0053,0,529.500,53.500,Dorsal
27,C2-vms40_6a_F1_Lm5_Biocytin488-HuCD-594-syt11bHCR647_1wpi_3D.czi:0027-0058,0,477.500,58.500,Dorsal
28,C2-vms40_6a_F1_Lm5_Biocytin488-HuCD-594-syt11bHCR647_1wpi_3D.czi:0028-0061,0,650.500,61.500,Dorsal
29,C2-vms40_6a_F1_Lm5_Biocytin488-HuCD-594-syt11bHCR647_1wpi_3D.czi:0029-0062,0,540.500,62.500,Dorsal
30,C2-vms40_6a_F1_Lm5_Biocytin488-HuCD-594-syt11bHCR647_1wpi_3D.czi:0030-0065,0,603.500,65.500,Dorsal
31,C2-vms40_6a_F1_Lm5_Biocytin488-HuCD-594-syt11bHCR647_1wpi_3D.czi:0031-0073,0,303.500,73.500,Dorsal
32,C2-vms40_6a_F1_Lm5_Biocytin488-HuCD-594-syt11bHCR647_1wpi_3D.czi:0032-0074,255,647.500,74.500,Dorsal
33,C2-vms40_6a_F1_Lm5_Biocytin488-HuCD-594-syt11bHCR647_1wpi_3D.czi:0033-0075,0,322.500,75.500,Dorsal
34,C2-vms40_6a_F1_Lm5_Biocytin488-HuCD-594-syt11bHCR647_1wpi_3D.czi:0034-0078,0,380.500,78.500,Dorsal
35,C2-vms40_6a_F1_Lm5_Biocytin488-HuCD-594-syt11bHCR647_1wpi_3D.czi:0035-0078,255,541.500,78.500,Dorsal
36,C2-vms40_6a_F1_Lm5_Biocytin488-HuCD-594-syt11bHCR647_1wpi_3D.czi:0036-0079,0,790.500,79.500,Dorsal
37,C2-vms40_6a_F1_Lm5_Biocytin488-HuCD-594-syt11bHCR647_1wpi_3D.czi:0037-0084,255,531.500,84.500,Dorsal
38,C2-vms40_6a_F1_Lm5_Biocytin488-HuCD-594-syt11bHCR647_1wpi_3D.czi:0038-0085,255,810.500,85.500,Dorsal
39,C2-vms40_6a_F1_Lm5_Biocytin488-HuCD-594-syt11bHCR647_1wpi_3D.czi:0039-0087,0,668.500,87.500,Dorsal
40,C2-vms40_6a_F1_Lm5_Biocytin488-HuCD-594-syt11bHCR647_1wpi_3D.czi:0040-0089,0,281.500,89.500,Dorsal
41,C2-vms40_6a_F1_Lm5_Biocytin488-HuCD-594-syt11bHCR647_1wpi_3D.czi:0041-0091,0,343.500,91.500,Dorsal
42,C2-vms40_6a_F1_Lm5_Biocytin488-HuCD-594-syt11bHCR647_1wpi_3D.czi:0042-0094,0,795.500,94.500,Dorsal
43,C2-vms40_6a_F1_Lm5_Biocytin488-HuCD-594-syt11bHCR647_1wpi_3D.czi:0043-0098,0,585.500,98.500,Dorsal
44,C2-vms40_6a_F1_Lm5_Biocytin488-HuCD-594-syt11bHCR647_1wpi_3D.czi:0044-0100,255,641.500,100.500,Dorsal
45,C2-vms40_6a_F1_Lm5_Biocytin488-HuCD-594-syt11bHCR647_1wpi_3D.czi:0045-0102,255,650.500,102.500,Dorsal
46,C2-vms40_6a_F1_Lm5_Biocytin488-HuCD-594-syt11bHCR647_1wpi_3D.czi:0046-0102,255,827.500,102.500,Dorsal
47,C2-vms40_6a_F1_Lm5_Biocytin488-HuCD-594-syt11bHCR647_1wpi_3D.czi:0047-0103,0,324.500,103.500,Dorsal
48,C2-vms40_6a_F1_Lm5_Biocytin488-HuCD-594-syt11bHCR647_1wpi_3D.czi:0048-0104,255,836.500,104.500,Dorsal
49,C2-vms40_6a_F1_Lm5_Biocytin488-HuCD-594-syt11bHCR647_1wpi_3D.czi:0049-0106,255,441.500,106.500,Dorsal
50,C2-vms40_6a_F1_Lm5_Biocytin488-HuCD-594-syt11bHCR647_1wpi_3D.czi:0050-0106,255,848.500,106.500,Dorsal
51,C2-vms40_6a_F1_Lm5_Biocytin488-HuCD-594-syt11bHCR647_1wpi_3D.czi:0051-0107,0,256.500,107.500,Dorsal
52,C2-vms40_6a_F1_Lm5_Biocytin488-HuCD-594-syt11bHCR647_1wpi_3D.czi:0052-0109,255,511.500,109.500,Dorsal
53,C2-vms40_6a_F1_Lm5_Biocytin488-HuCD-594-syt11bHCR647_1wpi_3D.czi:0053-0110,0,275.500,110.500,Dorsal
54,C2-vms40_6a_F1_Lm5_Biocytin488-HuCD-594-syt11bHCR647_1wpi_3D.czi:0054-0111,0,298.500,111.500,Dorsal
55,C2-vms40_6a_F1_Lm5_Biocytin488-HuCD-594-syt11bHCR647_1wpi_3D.czi:0055-0113,0,740.500,113.500,Dorsal
56,C2-vms40_6a_F1_Lm5_Biocytin488-HuCD-594-syt11bHCR647_1wpi_3D.czi:0056-0114,0,253.500,114.500,Dorsal
57,C2-vms40_6a_F1_Lm5_Biocytin488-HuCD-594-syt11bHCR647_1wpi_3D.czi:0057-0116,255,524.500,116.500,Dorsal
58,C2-vms40_6a_F1_Lm5_Biocytin488-HuCD-594-syt11bHCR647_1wpi_3D.czi:0058-0116,0,825.500,116.500,Dorsal
59,C2-vms40_6a_F1_Lm5_Biocytin488-HuCD-594-syt11bHCR647_1wpi_3D.czi:0059-0117,0,809.500,117.500,Dorsal
60,C2-vms40_6a_F1_Lm5_Biocytin488-HuCD-594-syt11bHCR647_1wpi_3D.czi:0060-0118,255,856.500,118.500,Dorsal
61,C2-vms40_6a_F1_Lm5_Biocytin488-HuCD-594-syt11bHCR647_1wpi_3D.czi:0061-0123,255,872.500,123.500,Dorsal
62,C2-vms40_6a_F1_Lm5_Biocytin488-HuCD-594-syt11bHCR647_1wpi_3D.czi:0062-0125,0,261.500,125.500,Dorsal
63,C2-vms40_6a_F1_Lm5_Biocytin488-HuCD-594-syt11bHCR647_1wpi_3D.czi:0063-0126,255,351.500,126.500,Dorsal
64,C2-vms40_6a_F1_Lm5_Biocytin488-HuCD-594-syt11bHCR647_1wpi_3D.czi:0064-0128,0,241.500,128.500,Dorsal
65,C2-vms40_6a_F1_Lm5_Biocytin488-HuCD-594-syt11bHCR647_1wpi_3D.czi:0065-0129,255,493.500,129.500,Dorsal
66,C2-vms40_6a_F1_Lm5_Biocytin488-HuCD-594-syt11bHCR647_1wpi_3D.czi:0066-0129,0,834.500,129.500,Dorsal
67,C2-vms40_6a_F1_Lm5_Biocytin488-HuCD-594-syt11bHCR647_1wpi_3D.czi:0067-0131,0,424.500,131.500,Dorsal
68,C2-vms40_6a_F1_Lm5_Biocytin488-HuCD-594-syt11bHCR647_1wpi_3D.czi:0068-0135,0,847.500,135.500,Dorsal
69,C2-vms40_6a_F1_Lm5_Biocytin488-HuCD-594-syt11bHCR647_1wpi_3D.czi:0069-0142,0,838.500,142.500,Dorsal
70,C2-vms40_6a_F1_Lm5_Biocytin488-HuCD-594-syt11bHCR647_1wpi_3D.czi:0070-0148,255,517.500,148.500,Dorsal
71,C2-vms40_6a_F1_Lm5_Biocytin488-HuCD-594-syt11bHCR647_1wpi_3D.czi:0071-0152,0,442.500,152.500,Dorsal
72,C2-vms40_6a_F1_Lm5_Biocytin488-HuCD-594-syt11bHCR647_1wpi_3D.czi:0072-0162,255,520.500,162.500,Dorsal
73,C2-vms40_6a_F1_Lm5_Biocytin488-HuCD-594-syt11bHCR647_1wpi_3D.czi:0073-0165,0,885.500,165.500,Dorsal
74,C2-vms40_6a_F1_Lm5_Biocytin488-HuCD-594-syt11bHCR647_1wpi_3D.czi:0074-0171,0,501.500,171.500,Dorsal
75,C2-vms40_6a_F1_Lm5_Biocytin488-HuCD-594-syt11bHCR647_1wpi_3D.czi:0075-0172,255,509.500,172.500,Dorsal
76,C2-vms40_6a_F1_Lm5_Biocytin488-HuCD-594-syt11bHCR647_1wpi_3D.czi:0076-0172,0,899.500,172.500,Dorsal
77,C2-vms40_6a_F1_Lm5_Biocytin488-HuCD-594-syt11bHCR647_1wpi_3D.czi:0077-0176,255,490.500,176.500,Dorsal
78,C2-vms40_6a_F1_Lm5_Biocytin488-HuCD-594-syt11bHCR647_1wpi_3D.czi:0078-0180,255,521.500,180.500,Dorsal
79,C2-vms40_6a_F1_Lm5_Biocytin488-HuCD-594-syt11bHCR647_1wpi_3D.czi:0079-0180,255,533.500,180.500,Dorsal
80,C2-vms40_6a_F1_Lm5_Biocytin488-HuCD-594-syt11bHCR647_1wpi_3D.czi:0080-0182,0,906.500,182.500,Dorsal
81,C2-vms40_6a_F1_Lm5_Biocytin488-HuCD-594-syt11bHCR647_1wpi_3D.czi:0081-0183,0,831.500,183.500,Dorsal
82,C2-vms40_6a_F1_Lm5_Biocytin488-HuCD-594-syt11bHCR647_1wpi_3D.czi:0082-0192,255,509.500,192.500,Dorsal
83,C2-vms40_6a_F1_Lm5_Biocytin488-HuCD-594-syt11bHCR647_1wpi_3D.czi:0083-0193,255,522.500,193.500,Dorsal
84,C2-vms40_6a_F1_Lm5_Biocytin488-HuCD-594-syt11bHCR647_1wpi_3D.czi:0084-0197,0,535.500,197.500,Dorsal
85,C2-vms40_6a_F1_Lm5_Biocytin488-HuCD-594-syt11bHCR647_1wpi_3D.czi:0085-0198,0,922.500,198.500,Dorsal
86,C2-vms40_6a_F1_Lm5_Biocytin488-HuCD-594-syt11bHCR647_1wpi_3D.czi:0086-0206,0,931.500,206.500,Dorsal
87,C2-vms40_6a_F1_Lm5_Biocytin488-HuCD-594-syt11bHCR647_1wpi_3D.czi:0087-0207,0,525.500,207.500,Dorsal
88,C2-vms40_6a_F1_Lm5_Biocytin488-HuCD-594-syt11bHCR647_1wpi_3D.czi:0088-0210,255,440.500,210.500,Dorsal
89,C2-vms40_6a_F1_Lm5_Biocytin488-HuCD-594-syt11bHCR647_1wpi_3D.czi:0089-0213,0,497.500,213.500,Dorsal
90,C2-vms40_6a_F1_Lm5_Biocytin488-HuCD-594-syt11bHCR647_1wpi_3D.czi:0090-0217,0,384.500,217.500,Dorsal
91,C2-vms40_6a_F1_Lm5_Biocytin488-HuCD-594-syt11bHCR647_1wpi_3D.czi:0091-0225,255,560.500,225.500,Dorsal
92,C2-vms40_6a_F1_Lm5_Biocytin488-HuCD-594-syt11bHCR647_1wpi_3D.czi:0092-0228,255,481.500,228.500,Dorsal
93,C2-vms40_6a_F1_Lm5_Biocytin488-HuCD-594-syt11bHCR647_1wpi_3D.czi:0093-0232,0,499.500,232.500,Dorsal
94,C2-vms40_6a_F1_Lm5_Biocytin488-HuCD-594-syt11bHCR647_1wpi_3D.czi:0094-0235,255,469.500,235.500,Dorsal
95,C2-vms40_6a_F1_Lm5_Biocytin488-HuCD-594-syt11bHCR647_1wpi_3D.czi:0095-0237,255,516.500,237.500,Dorsal
96,C2-vms40_6a_F1_Lm5_Biocytin488-HuCD-594-syt11bHCR647_1wpi_3D.czi:0096-0251,255,487.500,251.500,Dorsal
97,C2-vms40_6a_F1_Lm5_Biocytin488-HuCD-594-syt11bHCR647_1wpi_3D.czi:0097-0251,0,790.500,251.500,Dorsal
98,C2-vms40_6a_F1_Lm5_Biocytin488-HuCD-594-syt11bHCR647_1wpi_3D.czi:0098-0252,255,512.500,252.500,Dorsal
99,C2-vms40_6a_F1_Lm5_Biocytin488-HuCD-594-syt11bHCR647_1wpi_3D.czi:0099-0252,0,574.500,252.500,Dorsal
100,C2-vms40_6a_F1_Lm5_Biocytin488-HuCD-594-syt11bHCR647_1wpi_3D.czi:0100-0255,0,172.500,255.500,Dorsal
101,C2-vms40_6a_F1_Lm5_Biocytin488-HuCD-594-syt11bHCR647_1wpi_3D.czi:0101-0260,0,911.500,260.500,Dorsal
102,C2-vms40_6a_F1_Lm5_Biocytin488-HuCD-594-syt11bHCR647_1wpi_3D.czi:0102-0265,255,470.500,265.500,Dorsal
103,C2-vms40_6a_F1_Lm5_Biocytin488-HuCD-594-syt11bHCR647_1wpi_3D.czi:0103-0267,255,509.500,267.500,Dorsal
104,C2-vms40_6a_F1_Lm5_Biocytin488-HuCD-594-syt11bHCR647_1wpi_3D.czi:0104-0267,255,994.500,267.500,Dorsal
105,C2-vms40_6a_F1_Lm5_Biocytin488-HuCD-594-syt11bHCR647_1wpi_3D.czi:0105-0269,255,645.500,269.500,Dorsal
106,C2-vms40_6a_F1_Lm5_Biocytin488-HuCD-594-syt11bHCR647_1wpi_3D.czi:0106-0270,0,701.500,270.500,Dorsal
107,C2-vms40_6a_F1_Lm5_Biocytin488-HuCD-594-syt11bHCR647_1wpi_3D.czi:0107-0273,255,481.500,273.500,Dorsal
108,C2-vms40_6a_F1_Lm5_Biocytin488-HuCD-594-syt11bHCR647_1wpi_3D.czi:0108-0273,255,526.500,273.500,Dorsal
109,C2-vms40_6a_F1_Lm5_Biocytin488-HuCD-594-syt11bHCR647_1wpi_3D.czi:0109-0277,0,458.500,277.500,Dorsal
110,C2-vms40_6a_F1_Lm5_Biocytin488-HuCD-594-syt11bHCR647_1wpi_3D.czi:0110-0277,255,503.500,277.500,Dorsal
111,C2-vms40_6a_F1_Lm5_Biocytin488-HuCD-594-syt11bHCR647_1wpi_3D.czi:0111-0278,255,355.500,278.500,Dorsal
112,C2-vms40_6a_F1_Lm5_Biocytin488-HuCD-594-syt11bHCR647_1wpi_3D.czi:0112-0278,0,546.500,278.500,Dorsal
113,C2-vms40_6a_F1_Lm5_Biocytin488-HuCD-594-syt11bHCR647_1wpi_3D.czi:0113-0282,0,376.500,282.500,Dorsal
114,C2-vms40_6a_F1_Lm5_Biocytin488-HuCD-594-syt11bHCR647_1wpi_3D.czi:0114-0283,0,644.500,283.500,Dorsal
115,C2-vms40_6a_F1_Lm5_Biocytin488-HuCD-594-syt11bHCR647_1wpi_3D.czi:0115-0284,0,633.500,284.500,Dorsal
116,C2-vms40_6a_F1_Lm5_Biocytin488-HuCD-594-syt11bHCR647_1wpi_3D.czi:0116-0285,0,236.500,285.500,Dorsal
117,C2-vms40_6a_F1_Lm5_Biocytin488-HuCD-594-syt11bHCR647_1wpi_3D.czi:0117-0286,0,347.500,286.500,Dorsal
118,C2-vms40_6a_F1_Lm5_Biocytin488-HuCD-594-syt11bHCR647_1wpi_3D.czi:0118-0288,255,519.500,288.500,Dorsal
119,C2-vms40_6a_F1_Lm5_Biocytin488-HuCD-594-syt11bHCR647_1wpi_3D.czi:0119-0288,255,571.500,288.500,Dorsal
120,C2-vms40_6a_F1_Lm5_Biocytin488-HuCD-594-syt11bHCR647_1wpi_3D.czi:0120-0290,255,172.500,290.500,Dorsal
121,C2-vms40_6a_F1_Lm5_Biocytin488-HuCD-594-syt11bHCR647_1wpi_3D.czi:0121-0292,0,505.500,292.500,Dorsal
122,C2-vms40_6a_F1_Lm5_Biocytin488-HuCD-594-syt11bHCR647_1wpi_3D.czi:0122-0296,255,430.500,296.500,Dorsal
123,C2-vms40_6a_F1_Lm5_Biocytin488-HuCD-594-syt11bHCR647_1wpi_3D.czi:0123-0297,0,704.500,297.500,Dorsal
124,C2-vms40_6a_F1_Lm5_Biocytin488-HuCD-594-syt11bHCR647_1wpi_3D.czi:0124-0298,255,485.500,298.500,Dorsal
125,C2-vms40_6a_F1_Lm5_Biocytin488-HuCD-594-syt11bHCR647_1wpi_3D.czi:0125-0302,0,519.500,302.500,Dorsal
126,C2-vms40_6a_F1_Lm5_Biocytin488-HuCD-594-syt11bHCR647_1wpi_3D.czi:0126-0304,0,151.500,304.500,Dorsal
127,C2-vms40_6a_F1_Lm5_Biocytin488-HuCD-594-syt11bHCR647_1wpi_3D.czi:0127-0305,0,472.500,305.500,Dorsal
128,C2-vms40_6a_F1_Lm5_Biocytin488-HuCD-594-syt11bHCR647_1wpi_3D.czi:0128-0306,255,673.500,306.500,Dorsal
129,C2-vms40_6a_F1_Lm5_Biocytin488-HuCD-594-syt11bHCR647_1wpi_3D.czi:0129-0306,255,818.500,306.500,Dorsal
130,C2-vms40_6a_F1_Lm5_Biocytin488-HuCD-594-syt11bHCR647_1wpi_3D.czi:0130-0306,255,826.500,306.500,Dorsal
131,C2-vms40_6a_F1_Lm5_Biocytin488-HuCD-594-syt11bHCR647_1wpi_3D.czi:0131-0311,0,501.500,311.500,Dorsal
132,C2-vms40_6a_F1_Lm5_Biocytin488-HuCD-594-syt11bHCR647_1wpi_3D.czi:0132-0311,255,596.500,311.500,Dorsal
133,C2-vms40_6a_F1_Lm5_Biocytin488-HuCD-594-syt11bHCR647_1wpi_3D.czi:0133-0311,255,791.500,311.500,Dorsal
134,C2-vms40_6a_F1_Lm5_Biocytin488-HuCD-594-syt11bHCR647_1wpi_3D.czi:0134-0313,0,163.500,313.500,Dorsal
135,C2-vms40_6a_F1_Lm5_Biocytin488-HuCD-594-syt11bHCR647_1wpi_3D.czi:0135-0313,0,981.500,313.500,Dorsal
136,C2-vms40_6a_F1_Lm5_Biocytin488-HuCD-594-syt11bHCR647_1wpi_3D.czi:0136-0316,0,173.500,316.500,Dorsal
137,C2-vms40_6a_F1_Lm5_Biocytin488-HuCD-594-syt11bHCR647_1wpi_3D.czi:0137-0317,0,831.500,317.500,Dorsal
138,C2-vms40_6a_F1_Lm5_Biocytin488-HuCD-594-syt11bHCR647_1wpi_3D.czi:0138-0321,0,525.500,321.500,Dorsal
139,C2-vms40_6a_F1_Lm5_Biocytin488-HuCD-594-syt11bHCR647_1wpi_3D.czi:0139-0325,0,142.500,325.500,Dorsal
140,C2-vms40_6a_F1_Lm5_Biocytin488-HuCD-594-syt11bHCR647_1wpi_3D.czi:0140-0326,0,486.500,326.500,Dorsal
141,C2-vms40_6a_F1_Lm5_Biocytin488-HuCD-594-syt11bHCR647_1wpi_3D.czi:0141-0327,0,478.500,327.500,Dorsal
142,C2-vms40_6a_F1_Lm5_Biocytin488-HuCD-594-syt11bHCR647_1wpi_3D.czi:0142-0330,255,544.500,330.500,Dorsal
143,C2-vms40_6a_F1_Lm5_Biocytin488-HuCD-594-syt11bHCR647_1wpi_3D.czi:0143-0331,0,430.500,331.500,Dorsal
144,C2-vms40_6a_F1_Lm5_Biocytin488-HuCD-594-syt11bHCR647_1wpi_3D.czi:0144-0334,255,290.500,334.500,Dorsal
145,C2-vms40_6a_F1_Lm5_Biocytin488-HuCD-594-syt11bHCR647_1wpi_3D.czi:0145-0334,0,470.500,334.500,Dorsal
146,C2-vms40_6a_F1_Lm5_Biocytin488-HuCD-594-syt11bHCR647_1wpi_3D.czi:0146-0334,0,515.500,334.500,Dorsal
147,C2-vms40_6a_F1_Lm5_Biocytin488-HuCD-594-syt11bHCR647_1wpi_3D.czi:0147-0336,0,503.500,336.500,Dorsal
148,C2-vms40_6a_F1_Lm5_Biocytin488-HuCD-594-syt11bHCR647_1wpi_3D.czi:0148-0341,0,407.500,341.500,Dorsal
149,C2-vms40_6a_F1_Lm5_Biocytin488-HuCD-594-syt11bHCR647_1wpi_3D.czi:0149-0341,255,558.500,341.500,Dorsal
150,C2-vms40_6a_F1_Lm5_Biocytin488-HuCD-594-syt11bHCR647_1wpi_3D.czi:0150-0343,0,274.500,343.500,Dorsal
151,C2-vms40_6a_F1_Lm5_Biocytin488-HuCD-594-syt11bHCR647_1wpi_3D.czi:0151-0344,0,259.500,344.500,Dorsal
152,C2-vms40_6a_F1_Lm5_Biocytin488-HuCD-594-syt11bHCR647_1wpi_3D.czi:0152-0345,0,504.500,345.500,Dorsal
153,C2-vms40_6a_F1_Lm5_Biocytin488-HuCD-594-syt11bHCR647_1wpi_3D.czi:0153-0345,0,525.500,345.500,Dorsal
154,C2-vms40_6a_F1_Lm5_Biocytin488-HuCD-594-syt11bHCR647_1wpi_3D.czi:0154-0345,255,572.500,345.500,Dorsal
155,C2-vms40_6a_F1_Lm5_Biocytin488-HuCD-594-syt11bHCR647_1wpi_3D.czi:0155-0346,0,468.500,346.500,Dorsal
156,C2-vms40_6a_F1_Lm5_Biocytin488-HuCD-594-syt11bHCR647_1wpi_3D.czi:0156-0346,255,545.500,346.500,Dorsal
157,C2-vms40_6a_F1_Lm5_Biocytin488-HuCD-594-syt11bHCR647_1wpi_3D.czi:0157-0348,0,493.500,348.500,Dorsal
158,C2-vms40_6a_F1_Lm5_Biocytin488-HuCD-594-syt11bHCR647_1wpi_3D.czi:0158-0353,0,147.500,353.500,Dorsal
159,C2-vms40_6a_F1_Lm5_Biocytin488-HuCD-594-syt11bHCR647_1wpi_3D.czi:0159-0354,0,557.500,354.500,Dorsal
160,C2-vms40_6a_F1_Lm5_Biocytin488-HuCD-594-syt11bHCR647_1wpi_3D.czi:0160-0355,0,199.500,355.500,Dorsal
161,C2-vms40_6a_F1_Lm5_Biocytin488-HuCD-594-syt11bHCR647_1wpi_3D.czi:0161-0358,255,514.500,358.500,Dorsal
162,C2-vms40_6a_F1_Lm5_Biocytin488-HuCD-594-syt11bHCR647_1wpi_3D.czi:0162-0359,0,484.500,359.500,Dorsal
163,C2-vms40_6a_F1_Lm5_Biocytin488-HuCD-594-syt11bHCR647_1wpi_3D.czi:0163-0360,0,574.500,360.500,Dorsal
164,C2-vms40_6a_F1_Lm5_Biocytin488-HuCD-594-syt11bHCR647_1wpi_3D.czi:0164-0361,0,497.500,361.500,Dorsal
165,C2-vms40_6a_F1_Lm5_Biocytin488-HuCD-594-syt11bHCR647_1wpi_3D.czi:0165-0362,0,557.500,362.500,Dorsal
166,C2-vms40_6a_F1_Lm5_Biocytin488-HuCD-594-syt11bHCR647_1wpi_3D.czi:0166-0363,0,471.500,363.500,Dorsal
167,C2-vms40_6a_F1_Lm5_Biocytin488-HuCD-594-syt11bHCR647_1wpi_3D.czi:0167-0365,0,772.500,365.500,Dorsal
168,C2-vms40_6a_F1_Lm5_Biocytin488-HuCD-594-syt11bHCR647_1wpi_3D.czi:0168-0374,0,543.500,374.500,Dorsal
169,C2-vms40_6a_F1_Lm5_Biocytin488-HuCD-594-syt11bHCR647_1wpi_3D.czi:0169-0379,0,516.500,379.500,Dorsal
170,C2-vms40_6a_F1_Lm5_Biocytin488-HuCD-594-syt11bHCR647_1wpi_3D.czi:0170-0380,0,564.500,380.500,Dorsal
171,C2-vms40_6a_F1_Lm5_Biocytin488-HuCD-594-syt11bHCR647_1wpi_3D.czi:0171-0380,255,847.500,380.500,Dorsal
172,C2-vms40_6a_F1_Lm5_Biocytin488-HuCD-594-syt11bHCR647_1wpi_3D.czi:0172-0383,0,770.500,383.500,Dorsal
173,C2-vms40_6a_F1_Lm5_Biocytin488-HuCD-594-syt11bHCR647_1wpi_3D.czi:0173-0385,0,474.500,385.500,Dorsal
174,C2-vms40_6a_F1_Lm5_Biocytin488-HuCD-594-syt11bHCR647_1wpi_3D.czi:0174-0386,0,498.500,386.500,Dorsal
175,C2-vms40_6a_F1_Lm5_Biocytin488-HuCD-594-syt11bHCR647_1wpi_3D.czi:0175-0388,255,541.500,388.500,Dorsal
176,C2-vms40_6a_F1_Lm5_Biocytin488-HuCD-594-syt11bHCR647_1wpi_3D.czi:0176-0390,255,441.500,390.500,Dorsal
177,C2-vms40_6a_F1_Lm5_Biocytin488-HuCD-594-syt11bHCR647_1wpi_3D.czi:0177-0392,0,517.500,392.500,Dorsal
178,C2-vms40_6a_F1_Lm5_Biocytin488-HuCD-594-syt11bHCR647_1wpi_3D.czi:0178-0396,0,592.500,396.500,Dorsal
179,C2-vms40_6a_F1_Lm5_Biocytin488-HuCD-594-syt11bHCR647_1wpi_3D.czi:0179-0397,0,496.500,397.500,Dorsal
180,C2-vms40_6a_F1_Lm5_Biocytin488-HuCD-594-syt11bHCR647_1wpi_3D.czi:0180-0400,255,546.500,400.500,Dorsal
181,C2-vms40_6a_F1_Lm5_Biocytin488-HuCD-594-syt11bHCR647_1wpi_3D.czi:0181-0402,255,353.500,402.500,Dorsal
182,C2-vms40_6a_F1_Lm5_Biocytin488-HuCD-594-syt11bHCR647_1wpi_3D.czi:0182-0402,255,564.500,402.500,Dorsal
183,C2-vms40_6a_F1_Lm5_Biocytin488-HuCD-594-syt11bHCR647_1wpi_3D.czi:0183-0404,255,595.500,404.500,Dorsal
184,C2-vms40_6a_F1_Lm5_Biocytin488-HuCD-594-syt11bHCR647_1wpi_3D.czi:0184-0406,0,522.500,406.500,Dorsal
185,C2-vms40_6a_F1_Lm5_Biocytin488-HuCD-594-syt11bHCR647_1wpi_3D.czi:0185-0406,0,839.500,406.500,Dorsal
186,C2-vms40_6a_F1_Lm5_Biocytin488-HuCD-594-syt11bHCR647_1wpi_3D.czi:0186-0407,0,863.500,407.500,Dorsal
187,C2-vms40_6a_F1_Lm5_Biocytin488-HuCD-594-syt11bHCR647_1wpi_3D.czi:0187-0408,0,482.500,408.500,Dorsal
188,C2-vms40_6a_F1_Lm5_Biocytin488-HuCD-594-syt11bHCR647_1wpi_3D.czi:0188-0409,0,503.500,409.500,Dorsal
189,C2-vms40_6a_F1_Lm5_Biocytin488-HuCD-594-syt11bHCR647_1wpi_3D.czi:0189-0411,0,847.500,411.500,Dorsal
190,C2-vms40_6a_F1_Lm5_Biocytin488-HuCD-594-syt11bHCR647_1wpi_3D.czi:0190-0411,0,996.500,411.500,Dorsal
191,C2-vms40_6a_F1_Lm5_Biocytin488-HuCD-594-syt11bHCR647_1wpi_3D.czi:0191-0413,0,532.500,413.500,Dorsal
192,C2-vms40_6a_F1_Lm5_Biocytin488-HuCD-594-syt11bHCR647_1wpi_3D.czi:0192-0414,0,436.500,414.500,Dorsal
193,C2-vms40_6a_F1_Lm5_Biocytin488-HuCD-594-syt11bHCR647_1wpi_3D.czi:0193-0418,255,410.500,418.500,Dorsal
194,C2-vms40_6a_F1_Lm5_Biocytin488-HuCD-594-syt11bHCR647_1wpi_3D.czi:0194-0418,0,476.500,418.500,Dorsal
195,C2-vms40_6a_F1_Lm5_Biocytin488-HuCD-594-syt11bHCR647_1wpi_3D.czi:0195-0418,0,906.500,418.500,Dorsal
196,C2-vms40_6a_F1_Lm5_Biocytin488-HuCD-594-syt11bHCR647_1wpi_3D.czi:0196-0422,0,449.500,422.500,Dorsal
197,C2-vms40_6a_F1_Lm5_Biocytin488-HuCD-594-syt11bHCR647_1wpi_3D.czi:0197-0422,255,983.500,422.500,Dorsal
198,C2-vms40_6a_F1_Lm5_Biocytin488-HuCD-594-syt11bHCR647_1wpi_3D.czi:0198-0425,0,464.500,425.500,Dorsal
199,C2-vms40_6a_F1_Lm5_Biocytin488-HuCD-594-syt11bHCR647_1wpi_3D.czi:0199-0428,0,509.500,428.500,Dorsal
200,C2-vms40_6a_F1_Lm5_Biocytin488-HuCD-594-syt11bHCR647_1wpi_3D.czi:0200-0428,0,524.500,428.500,Dorsal
201,C2-vms40_6a_F1_Lm5_Biocytin488-HuCD-594-syt11bHCR647_1wpi_3D.czi:0201-0429,0,581.500,429.500,Dorsal
202,C2-vms40_6a_F1_Lm5_Biocytin488-HuCD-594-syt11bHCR647_1wpi_3D.czi:0202-0432,0,475.500,432.500,Dorsal
203,C2-vms40_6a_F1_Lm5_Biocytin488-HuCD-594-syt11bHCR647_1wpi_3D.czi:0203-0432,0,569.500,432.500,Dorsal
204,C2-vms40_6a_F1_Lm5_Biocytin488-HuCD-594-syt11bHCR647_1wpi_3D.czi:0204-0434,0,407.500,434.500,Dorsal
205,C2-vms40_6a_F1_Lm5_Biocytin488-HuCD-594-syt11bHCR647_1wpi_3D.czi:0205-0437,0,438.500,437.500,Dorsal
206,C2-vms40_6a_F1_Lm5_Biocytin488-HuCD-594-syt11bHCR647_1wpi_3D.czi:0206-0439,0,277.500,439.500,Dorsal
207,C2-vms40_6a_F1_Lm5_Biocytin488-HuCD-594-syt11bHCR647_1wpi_3D.czi:0207-0440,0,519.500,440.500,Dorsal
208,C2-vms40_6a_F1_Lm5_Biocytin488-HuCD-594-syt11bHCR647_1wpi_3D.czi:0208-0442,0,463.500,442.500,Dorsal
209,C2-vms40_6a_F1_Lm5_Biocytin488-HuCD-594-syt11bHCR647_1wpi_3D.czi:0209-0443,0,257.500,443.500,Dorsal
210,C2-vms40_6a_F1_Lm5_Biocytin488-HuCD-594-syt11bHCR647_1wpi_3D.czi:0210-0443,0,504.500,443.500,Dorsal
211,C2-vms40_6a_F1_Lm5_Biocytin488-HuCD-594-syt11bHCR647_1wpi_3D.czi:0211-0444,0,419.500,444.500,Dorsal
212,C2-vms40_6a_F1_Lm5_Biocytin488-HuCD-594-syt11bHCR647_1wpi_3D.czi:0212-0444,0,592.500,444.500,Dorsal
213,C2-vms40_6a_F1_Lm5_Biocytin488-HuCD-594-syt11bHCR647_1wpi_3D.czi:0213-0444,0,811.500,444.500,Dorsal
214,C2-vms40_6a_F1_Lm5_Biocytin488-HuCD-594-syt11bHCR647_1wpi_3D.czi:0214-0445,0,575.500,445.500,Dorsal
215,C2-vms40_6a_F1_Lm5_Biocytin488-HuCD-594-syt11bHCR647_1wpi_3D.czi:0215-0446,0,476.500,446.500,Dorsal
216,C2-vms40_6a_F1_Lm5_Biocytin488-HuCD-594-syt11bHCR647_1wpi_3D.czi:0216-0447,0,555.500,447.500,Dorsal
217,C2-vms40_6a_F1_Lm5_Biocytin488-HuCD-594-syt11bHCR647_1wpi_3D.czi:0217-0447,0,706.500,447.500,Dorsal
218,C2-vms40_6a_F1_Lm5_Biocytin488-HuCD-594-syt11bHCR647_1wpi_3D.czi:0218-0449,0,908.500,449.500,Dorsal
219,C2-vms40_6a_F1_Lm5_Biocytin488-HuCD-594-syt11bHCR647_1wpi_3D.czi:0219-0450,255,430.500,450.500,Dorsal
220,C2-vms40_6a_F1_Lm5_Biocytin488-HuCD-594-syt11bHCR647_1wpi_3D.czi:0220-0454,0,91.500,454.500,Dorsal
221,C2-vms40_6a_F1_Lm5_Biocytin488-HuCD-594-syt11bHCR647_1wpi_3D.czi:0221-0454,0,510.500,454.500,Dorsal
222,C2-vms40_6a_F1_Lm5_Biocytin488-HuCD-594-syt11bHCR647_1wpi_3D.czi:0222-0455,255,415.500,455.500,Dorsal
223,C2-vms40_6a_F1_Lm5_Biocytin488-HuCD-594-syt11bHCR647_1wpi_3D.czi:0223-0456,0,355.500,456.500,Dorsal
224,C2-vms40_6a_F1_Lm5_Biocytin488-HuCD-594-syt11bHCR647_1wpi_3D.czi:0224-0456,0,451.500,456.500,Dorsal
225,C2-vms40_6a_F1_Lm5_Biocytin488-HuCD-594-syt11bHCR647_1wpi_3D.czi:0225-0457,0,489.500,457.500,Dorsal
226,C2-vms40_6a_F1_Lm5_Biocytin488-HuCD-594-syt11bHCR647_1wpi_3D.czi:0226-0459,0,675.500,459.500,Dorsal
227,C2-vms40_6a_F1_Lm5_Biocytin488-HuCD-594-syt11bHCR647_1wpi_3D.czi:0227-0459,0,776.500,459.500,Dorsal
228,C2-vms40_6a_F1_Lm5_Biocytin488-HuCD-594-syt11bHCR647_1wpi_3D.czi:0228-0460,0,526.500,460.500,Dorsal
229,C2-vms40_6a_F1_Lm5_Biocytin488-HuCD-594-syt11bHCR647_1wpi_3D.czi:0229-0463,0,454.500,463.500,Dorsal
230,C2-vms40_6a_F1_Lm5_Biocytin488-HuCD-594-syt11bHCR647_1wpi_3D.czi:0230-0463,0,474.500,463.500,Dorsal
231,C2-vms40_6a_F1_Lm5_Biocytin488-HuCD-594-syt11bHCR647_1wpi_3D.czi:0231-0466,255,403.500,466.500,Dorsal
232,C2-vms40_6a_F1_Lm5_Biocytin488-HuCD-594-syt11bHCR647_1wpi_3D.czi:0232-0466,0,508.500,466.500,Dorsal
233,C2-vms40_6a_F1_Lm5_Biocytin488-HuCD-594-syt11bHCR647_1wpi_3D.czi:0233-0466,0,557.500,466.500,Dorsal
234,C2-vms40_6a_F1_Lm5_Biocytin488-HuCD-594-syt11bHCR647_1wpi_3D.czi:0234-0469,0,444.500,469.500,Dorsal
235,C2-vms40_6a_F1_Lm5_Biocytin488-HuCD-594-syt11bHCR647_1wpi_3D.czi:0235-0471,0,459.500,471.500,Dorsal
236,C2-vms40_6a_F1_Lm5_Biocytin488-HuCD-594-syt11bHCR647_1wpi_3D.czi:0236-0471,0,852.500,471.500,Dorsal
237,C2-vms40_6a_F1_Lm5_Biocytin488-HuCD-594-syt11bHCR647_1wpi_3D.czi:0237-0472,0,386.500,472.500,Dorsal
238,C2-vms40_6a_F1_Lm5_Biocytin488-HuCD-594-syt11bHCR647_1wpi_3D.czi:0238-0472,0,496.500,472.500,Dorsal
239,C2-vms40_6a_F1_Lm5_Biocytin488-HuCD-594-syt11bHCR647_1wpi_3D.czi:0239-0475,255,653.500,475.500,Dorsal
240,C2-vms40_6a_F1_Lm5_Biocytin488-HuCD-594-syt11bHCR647_1wpi_3D.czi:0240-0476,0,570.500,476.500,Dorsal
241,C2-vms40_6a_F1_Lm5_Biocytin488-HuCD-594-syt11bHCR647_1wpi_3D.czi:0241-0479,0,541.500,479.500,Dorsal
242,C2-vms40_6a_F1_Lm5_Biocytin488-HuCD-594-syt11bHCR647_1wpi_3D.czi:0242-0480,0,431.500,480.500,Dorsal
243,C2-vms40_6a_F1_Lm5_Biocytin488-HuCD-594-syt11bHCR647_1wpi_3D.czi:0243-0481,0,445.500,481.500,Dorsal
244,C2-vms40_6a_F1_Lm5_Biocytin488-HuCD-594-syt11bHCR647_1wpi_3D.czi:0244-0481,0,510.500,481.500,Dorsal
245,C2-vms40_6a_F1_Lm5_Biocytin488-HuCD-594-syt11bHCR647_1wpi_3D.czi:0245-0482,0,474.500,482.500,Dorsal
246,C2-vms40_6a_F1_Lm5_Biocytin488-HuCD-594-syt11bHCR647_1wpi_3D.czi:0246-0482,0,497.500,482.500,Dorsal
247,C2-vms40_6a_F1_Lm5_Biocytin488-HuCD-594-syt11bHCR647_1wpi_3D.czi:0247-0483,255,406.500,483.500,Dorsal
248,C2-vms40_6a_F1_Lm5_Biocytin488-HuCD-594-syt11bHCR647_1wpi_3D.czi:0248-0483,0,524.500,483.500,Dorsal
249,C2-vms40_6a_F1_Lm5_Biocytin488-HuCD-594-syt11bHCR647_1wpi_3D.czi:0249-0484,0,454.500,484.500,Dorsal
250,C2-vms40_6a_F1_Lm5_Biocytin488-HuCD-594-syt11bHCR647_1wpi_3D.czi:0250-0485,0,91.500,485.500,Dorsal
251,C2-vms40_6a_F1_Lm5_Biocytin488-HuCD-594-syt11bHCR647_1wpi_3D.czi:0251-0485,0,807.500,485.500,Dorsal
252,C2-vms40_6a_F1_Lm5_Biocytin488-HuCD-594-syt11bHCR647_1wpi_3D.czi:0252-0489,0,487.500,489.500,Dorsal
253,C2-vms40_6a_F1_Lm5_Biocytin488-HuCD-594-syt11bHCR647_1wpi_3D.czi:0253-0492,255,598.500,492.500,Dorsal
254,C2-vms40_6a_F1_Lm5_Biocytin488-HuCD-594-syt11bHCR647_1wpi_3D.czi:0254-0495,0,436.500,495.500,Dorsal
255,C2-vms40_6a_F1_Lm5_Biocytin488-HuCD-594-syt11bHCR647_1wpi_3D.czi:0255-0496,255,553.500,496.500,Dorsal
256,C2-vms40_6a_F1_Lm5_Biocytin488-HuCD-594-syt11bHCR647_1wpi_3D.czi:0256-0497,0,951.500,497.500,Dorsal
257,C2-vms40_6a_F1_Lm5_Biocytin488-HuCD-594-syt11bHCR647_1wpi_3D.czi:0257-0498,255,67.500,498.500,Dorsal
258,C2-vms40_6a_F1_Lm5_Biocytin488-HuCD-594-syt11bHCR647_1wpi_3D.czi:0258-0499,255,520.500,499.500,Dorsal
259,C2-vms40_6a_F1_Lm5_Biocytin488-HuCD-594-syt11bHCR647_1wpi_3D.czi:0259-0500,255,753.500,500.500,Dorsal
260,C2-vms40_6a_F1_Lm5_Biocytin488-HuCD-594-syt11bHCR647_1wpi_3D.czi:0260-0504,0,541.500,504.500,Dorsal
261,C2-vms40_6a_F1_Lm5_Biocytin488-HuCD-594-syt11bHCR647_1wpi_3D.czi:0261-0508,255,417.500,508.500,Dorsal
262,C2-vms40_6a_F1_Lm5_Biocytin488-HuCD-594-syt11bHCR647_1wpi_3D.czi:0262-0509,0,438.500,509.500,Dorsal
263,C2-vms40_6a_F1_Lm5_Biocytin488-HuCD-594-syt11bHCR647_1wpi_3D.czi:0263-0514,0,136.500,514.500,Dorsal
264,C2-vms40_6a_F1_Lm5_Biocytin488-HuCD-594-syt11bHCR647_1wpi_3D.czi:0264-0517,0,524.500,517.500,Dorsal
265,C2-vms40_6a_F1_Lm5_Biocytin488-HuCD-594-syt11bHCR647_1wpi_3D.czi:0265-0519,0,554.500,519.500,Dorsal
266,C2-vms40_6a_F1_Lm5_Biocytin488-HuCD-594-syt11bHCR647_1wpi_3D.czi:0266-0522,255,429.500,522.500,Dorsal
267,C2-vms40_6a_F1_Lm5_Biocytin488-HuCD-594-syt11bHCR647_1wpi_3D.czi:0267-0523,0,808.500,523.500,Dorsal
268,C2-vms40_6a_F1_Lm5_Biocytin488-HuCD-594-syt11bHCR647_1wpi_3D.czi:0268-0526,0,310.500,526.500,Dorsal
269,C2-vms40_6a_F1_Lm5_Biocytin488-HuCD-594-syt11bHCR647_1wpi_3D.czi:0269-0527,0,782.500,527.500,Dorsal
270,C2-vms40_6a_F1_Lm5_Biocytin488-HuCD-594-syt11bHCR647_1wpi_3D.czi:0270-0529,255,548.500,529.500,Dorsal
271,C2-vms40_6a_F1_Lm5_Biocytin488-HuCD-594-syt11bHCR647_1wpi_3D.czi:0271-0530,255,282.500,530.500,Ventral
272,C2-vms40_6a_F1_Lm5_Biocytin488-HuCD-594-syt11bHCR647_1wpi_3D.czi:0272-0532,0,534.500,532.500,Ventral
273,C2-vms40_6a_F1_Lm5_Biocytin488-HuCD-594-syt11bHCR647_1wpi_3D.czi:0273-0533,0,817.500,533.500,Ventral
274,C2-vms40_6a_F1_Lm5_Biocytin488-HuCD-594-syt11bHCR647_1wpi_3D.czi:0274-0535,0,418.500,535.500,Ventral
275,C2-vms40_6a_F1_Lm5_Biocytin488-HuCD-594-syt11bHCR647_1wpi_3D.czi:0275-0536,0,293.500,536.500,Ventral
276,C2-vms40_6a_F1_Lm5_Biocytin488-HuCD-594-syt11bHCR647_1wpi_3D.czi:0276-0537,255,269.500,537.500,Ventral
277,C2-vms40_6a_F1_Lm5_Biocytin488-HuCD-594-syt11bHCR647_1wpi_3D.czi:0277-0537,0,429.500,537.500,Ventral
278,C2-vms40_6a_F1_Lm5_Biocytin488-HuCD-594-syt11bHCR647_1wpi_3D.czi:0278-0542,255,593.500,542.500,Ventral
279,C2-vms40_6a_F1_Lm5_Biocytin488-HuCD-594-syt11bHCR647_1wpi_3D.czi:0279-0544,0,558.500,544.500,Ventral
280,C2-vms40_6a_F1_Lm5_Biocytin488-HuCD-594-syt11bHCR647_1wpi_3D.czi:0280-0545,0,395.500,545.500,Ventral
281,C2-vms40_6a_F1_Lm5_Biocytin488-HuCD-594-syt11bHCR647_1wpi_3D.czi:0281-0547,0,248.500,547.500,Ventral
282,C2-vms40_6a_F1_Lm5_Biocytin488-HuCD-594-syt11bHCR647_1wpi_3D.czi:0282-0547,255,416.500,547.500,Ventral
283,C2-vms40_6a_F1_Lm5_Biocytin488-HuCD-594-syt11bHCR647_1wpi_3D.czi:0283-0547,0,545.500,547.500,Ventral
284,C2-vms40_6a_F1_Lm5_Biocytin488-HuCD-594-syt11bHCR647_1wpi_3D.czi:0284-0550,0,531.500,550.500,Ventral
285,C2-vms40_6a_F1_Lm5_Biocytin488-HuCD-594-syt11bHCR647_1wpi_3D.czi:0285-0551,0,436.500,551.500,Ventral
286,C2-vms40_6a_F1_Lm5_Biocytin488-HuCD-594-syt11bHCR647_1wpi_3D.czi:0286-0555,0,449.500,555.500,Ventral
287,C2-vms40_6a_F1_Lm5_Biocytin488-HuCD-594-syt11bHCR647_1wpi_3D.czi:0287-0556,255,547.500,556.500,Ventral
288,C2-vms40_6a_F1_Lm5_Biocytin488-HuCD-594-syt11bHCR647_1wpi_3D.czi:0288-0558,255,765.500,558.500,Ventral
289,C2-vms40_6a_F1_Lm5_Biocytin488-HuCD-594-syt11bHCR647_1wpi_3D.czi:0289-0561,0,523.500,561.500,Ventral
290,C2-vms40_6a_F1_Lm5_Biocytin488-HuCD-594-syt11bHCR647_1wpi_3D.czi:0290-0562,0,595.500,562.500,Ventral
291,C2-vms40_6a_F1_Lm5_Biocytin488-HuCD-594-syt11bHCR647_1wpi_3D.czi:0291-0563,0,453.500,563.500,Ventral
292,C2-vms40_6a_F1_Lm5_Biocytin488-HuCD-594-syt11bHCR647_1wpi_3D.czi:0292-0567,255,361.500,567.500,Ventral
293,C2-vms40_6a_F1_Lm5_Biocytin488-HuCD-594-syt11bHCR647_1wpi_3D.czi:0293-0568,0,470.500,568.500,Ventral
294,C2-vms40_6a_F1_Lm5_Biocytin488-HuCD-594-syt11bHCR647_1wpi_3D.czi:0294-0569,255,337.500,569.500,Ventral
295,C2-vms40_6a_F1_Lm5_Biocytin488-HuCD-594-syt11bHCR647_1wpi_3D.czi:0295-0572,0,517.500,572.500,Ventral
296,C2-vms40_6a_F1_Lm5_Biocytin488-HuCD-594-syt11bHCR647_1wpi_3D.czi:0296-0572,0,527.500,572.500,Ventral
297,C2-vms40_6a_F1_Lm5_Biocytin488-HuCD-594-syt11bHCR647_1wpi_3D.czi:0297-0572,255,557.500,572.500,Ventral
298,C2-vms40_6a_F1_Lm5_Biocytin488-HuCD-594-syt11bHCR647_1wpi_3D.czi:0298-0572,0,900.500,572.500,Ventral
299,C2-vms40_6a_F1_Lm5_Biocytin488-HuCD-594-syt11bHCR647_1wpi_3D.czi:0299-0573,0,390.500,573.500,Ventral
300,C2-vms40_6a_F1_Lm5_Biocytin488-HuCD-594-syt11bHCR647_1wpi_3D.czi:0300-0573,255,481.500,573.500,Ventral
301,C2-vms40_6a_F1_Lm5_Biocytin488-HuCD-594-syt11bHCR647_1wpi_3D.czi:0301-0573,255,686.500,573.500,Ventral
302,C2-vms40_6a_F1_Lm5_Biocytin488-HuCD-594-syt11bHCR647_1wpi_3D.czi:0302-0573,0,761.500,573.500,Ventral
303,C2-vms40_6a_F1_Lm5_Biocytin488-HuCD-594-syt11bHCR647_1wpi_3D.czi:0303-0576,0,538.500,576.500,Ventral
304,C2-vms40_6a_F1_Lm5_Biocytin488-HuCD-594-syt11bHCR647_1wpi_3D.czi:0304-0577,0,459.500,577.500,Ventral
305,C2-vms40_6a_F1_Lm5_Biocytin488-HuCD-594-syt11bHCR647_1wpi_3D.czi:0305-0579,0,373.500,579.500,Ventral
306,C2-vms40_6a_F1_Lm5_Biocytin488-HuCD-594-syt11bHCR647_1wpi_3D.czi:0306-0580,0,46.500,580.500,Ventral
307,C2-vms40_6a_F1_Lm5_Biocytin488-HuCD-594-syt11bHCR647_1wpi_3D.czi:0307-0581,0,428.500,581.500,Ventral
308,C2-vms40_6a_F1_Lm5_Biocytin488-HuCD-594-syt11bHCR647_1wpi_3D.czi:0308-0581,0,502.500,581.500,Ventral
309,C2-vms40_6a_F1_Lm5_Biocytin488-HuCD-594-syt11bHCR647_1wpi_3D.czi:0309-0582,0,358.500,582.500,Ventral
310,C2-vms40_6a_F1_Lm5_Biocytin488-HuCD-594-syt11bHCR647_1wpi_3D.czi:0310-0583,0,75.500,583.500,Ventral
311,C2-vms40_6a_F1_Lm5_Biocytin488-HuCD-594-syt11bHCR647_1wpi_3D.czi:0311-0583,0,445.500,583.500,Ventral
312,C2-vms40_6a_F1_Lm5_Biocytin488-HuCD-594-syt11bHCR647_1wpi_3D.czi:0312-0585,0,554.500,585.500,Ventral
313,C2-vms40_6a_F1_Lm5_Biocytin488-HuCD-594-syt11bHCR647_1wpi_3D.czi:0313-0587,0,412.500,587.500,Ventral
314,C2-vms40_6a_F1_Lm5_Biocytin488-HuCD-594-syt11bHCR647_1wpi_3D.czi:0314-0587,0,535.500,587.500,Ventral
315,C2-vms40_6a_F1_Lm5_Biocytin488-HuCD-594-syt11bHCR647_1wpi_3D.czi:0315-0588,255,488.500,588.500,Ventral
316,C2-vms40_6a_F1_Lm5_Biocytin488-HuCD-594-syt11bHCR647_1wpi_3D.czi:0316-0588,0,522.500,588.500,Ventral
317,C2-vms40_6a_F1_Lm5_Biocytin488-HuCD-594-syt11bHCR647_1wpi_3D.czi:0317-0593,0,425.500,593.500,Ventral
318,C2-vms40_6a_F1_Lm5_Biocytin488-HuCD-594-syt11bHCR647_1wpi_3D.czi:0318-0595,255,466.500,595.500,Ventral
319,C2-vms40_6a_F1_Lm5_Biocytin488-HuCD-594-syt11bHCR647_1wpi_3D.czi:0319-0595,255,618.500,595.500,Ventral
320,C2-vms40_6a_F1_Lm5_Biocytin488-HuCD-594-syt11bHCR647_1wpi_3D.czi:0320-0596,0,106.500,596.500,Ventral
321,C2-vms40_6a_F1_Lm5_Biocytin488-HuCD-594-syt11bHCR647_1wpi_3D.czi:0321-0598,0,445.500,598.500,Ventral
322,C2-vms40_6a_F1_Lm5_Biocytin488-HuCD-594-syt11bHCR647_1wpi_3D.czi:0322-0599,0,516.500,599.500,Ventral
323,C2-vms40_6a_F1_Lm5_Biocytin488-HuCD-594-syt11bHCR647_1wpi_3D.czi:0323-0600,0,491.500,600.500,Ventral
324,C2-vms40_6a_F1_Lm5_Biocytin488-HuCD-594-syt11bHCR647_1wpi_3D.czi:0324-0603,0,503.500,603.500,Ventral
325,C2-vms40_6a_F1_Lm5_Biocytin488-HuCD-594-syt11bHCR647_1wpi_3D.czi:0325-0604,255,377.500,604.500,Ventral
326,C2-vms40_6a_F1_Lm5_Biocytin488-HuCD-594-syt11bHCR647_1wpi_3D.czi:0326-0604,255,823.500,604.500,Ventral
327,C2-vms40_6a_F1_Lm5_Biocytin488-HuCD-594-syt11bHCR647_1wpi_3D.czi:0327-0608,0,400.500,608.500,Ventral
328,C2-vms40_6a_F1_Lm5_Biocytin488-HuCD-594-syt11bHCR647_1wpi_3D.czi:0328-0608,0,747.500,608.500,Ventral
329,C2-vms40_6a_F1_Lm5_Biocytin488-HuCD-594-syt11bHCR647_1wpi_3D.czi:0329-0609,255,353.500,609.500,Ventral
330,C2-vms40_6a_F1_Lm5_Biocytin488-HuCD-594-syt11bHCR647_1wpi_3D.czi:0330-0610,0,415.500,610.500,Ventral
331,C2-vms40_6a_F1_Lm5_Biocytin488-HuCD-594-syt11bHCR647_1wpi_3D.czi:0331-0610,0,495.500,610.500,Ventral
332,C2-vms40_6a_F1_Lm5_Biocytin488-HuCD-594-syt11bHCR647_1wpi_3D.czi:0332-0610,0,673.500,610.500,Ventral
333,C2-vms40_6a_F1_Lm5_Biocytin488-HuCD-594-syt11bHCR647_1wpi_3D.czi:0333-0614,0,427.500,614.500,Ventral
334,C2-vms40_6a_F1_Lm5_Biocytin488-HuCD-594-syt11bHCR647_1wpi_3D.czi:0334-0614,0,878.500,614.500,Ventral
335,C2-vms40_6a_F1_Lm5_Biocytin488-HuCD-594-syt11bHCR647_1wpi_3D.czi:0335-0615,0,482.500,615.500,Ventral
336,C2-vms40_6a_F1_Lm5_Biocytin488-HuCD-594-syt11bHCR647_1wpi_3D.czi:0336-0617,0,978.500,617.500,Ventral
337,C2-vms40_6a_F1_Lm5_Biocytin488-HuCD-594-syt11bHCR647_1wpi_3D.czi:0337-0618,0,912.500,618.500,Ventral
338,C2-vms40_6a_F1_Lm5_Biocytin488-HuCD-594-syt11bHCR647_1wpi_3D.czi:0338-0621,0,514.500,621.500,Ventral
339,C2-vms40_6a_F1_Lm5_Biocytin488-HuCD-594-syt11bHCR647_1wpi_3D.czi:0339-0621,0,756.500,621.500,Ventral
340,C2-vms40_6a_F1_Lm5_Biocytin488-HuCD-594-syt11bHCR647_1wpi_3D.czi:0340-0622,255,345.500,622.500,Ventral
341,C2-vms40_6a_F1_Lm5_Biocytin488-HuCD-594-syt11bHCR647_1wpi_3D.czi:0341-0622,0,464.500,622.500,Ventral
342,C2-vms40_6a_F1_Lm5_Biocytin488-HuCD-594-syt11bHCR647_1wpi_3D.czi:0342-0626,0,409.500,626.500,Ventral
343,C2-vms40_6a_F1_Lm5_Biocytin488-HuCD-594-syt11bHCR647_1wpi_3D.czi:0343-0627,0,431.500,627.500,Ventral
344,C2-vms40_6a_F1_Lm5_Biocytin488-HuCD-594-syt11bHCR647_1wpi_3D.czi:0344-0627,255,502.500,627.500,Ventral
345,C2-vms40_6a_F1_Lm5_Biocytin488-HuCD-594-syt11bHCR647_1wpi_3D.czi:0345-0630,0,802.500,630.500,Ventral
346,C2-vms40_6a_F1_Lm5_Biocytin488-HuCD-594-syt11bHCR647_1wpi_3D.czi:0346-0632,255,558.500,632.500,Ventral
347,C2-vms40_6a_F1_Lm5_Biocytin488-HuCD-594-syt11bHCR647_1wpi_3D.czi:0347-0632,0,752.500,632.500,Ventral
348,C2-vms40_6a_F1_Lm5_Biocytin488-HuCD-594-syt11bHCR647_1wpi_3D.czi:0348-0635,0,453.500,635.500,Ventral
349,C2-vms40_6a_F1_Lm5_Biocytin488-HuCD-594-syt11bHCR647_1wpi_3D.czi:0349-0635,0,536.500,635.500,Ventral
350,C2-vms40_6a_F1_Lm5_Biocytin488-HuCD-594-syt11bHCR647_1wpi_3D.czi:0350-0637,0,513.500,637.500,Ventral
351,C2-vms40_6a_F1_Lm5_Biocytin488-HuCD-594-syt11bHCR647_1wpi_3D.czi:0351-0640,0,789.500,640.500,Ventral
352,C2-vms40_6a_F1_Lm5_Biocytin488-HuCD-594-syt11bHCR647_1wpi_3D.czi:0352-0641,255,485.500,641.500,Ventral
353,C2-vms40_6a_F1_Lm5_Biocytin488-HuCD-594-syt11bHCR647_1wpi_3D.czi:0353-0641,255,499.500,641.500,Ventral
354,C2-vms40_6a_F1_Lm5_Biocytin488-HuCD-594-syt11bHCR647_1wpi_3D.czi:0354-0641,255,524.500,641.500,Ventral
355,C2-vms40_6a_F1_Lm5_Biocytin488-HuCD-594-syt11bHCR647_1wpi_3D.czi:0355-0642,0,189.500,642.500,Ventral
356,C2-vms40_6a_F1_Lm5_Biocytin488-HuCD-594-syt11bHCR647_1wpi_3D.czi:0356-0642,0,373.500,642.500,Ventral
357,C2-vms40_6a_F1_Lm5_Biocytin488-HuCD-594-syt11bHCR647_1wpi_3D.czi:0357-0644,255,410.500,644.500,Ventral
358,C2-vms40_6a_F1_Lm5_Biocytin488-HuCD-594-syt11bHCR647_1wpi_3D.czi:0358-0644,0,749.500,644.500,Ventral
359,C2-vms40_6a_F1_Lm5_Biocytin488-HuCD-594-syt11bHCR647_1wpi_3D.czi:0359-0644,0,770.500,644.500,Ventral
360,C2-vms40_6a_F1_Lm5_Biocytin488-HuCD-594-syt11bHCR647_1wpi_3D.czi:0360-0646,0,740.500,646.500,Ventral
361,C2-vms40_6a_F1_Lm5_Biocytin488-HuCD-594-syt11bHCR647_1wpi_3D.czi:0361-0648,255,912.500,648.500,Ventral
362,C2-vms40_6a_F1_Lm5_Biocytin488-HuCD-594-syt11bHCR647_1wpi_3D.czi:0362-0654,0,400.500,654.500,Ventral
363,C2-vms40_6a_F1_Lm5_Biocytin488-HuCD-594-syt11bHCR647_1wpi_3D.czi:0363-0654,0,443.500,654.500,Ventral
364,C2-vms40_6a_F1_Lm5_Biocytin488-HuCD-594-syt11bHCR647_1wpi_3D.czi:0364-0655,255,249.500,655.500,Ventral
365,C2-vms40_6a_F1_Lm5_Biocytin488-HuCD-594-syt11bHCR647_1wpi_3D.czi:0365-0656,0,432.500,656.500,Ventral
366,C2-vms40_6a_F1_Lm5_Biocytin488-HuCD-594-syt11bHCR647_1wpi_3D.czi:0366-0657,255,368.500,657.500,Ventral
367,C2-vms40_6a_F1_Lm5_Biocytin488-HuCD-594-syt11bHCR647_1wpi_3D.czi:0367-0658,0,497.500,658.500,Ventral
368,C2-vms40_6a_F1_Lm5_Biocytin488-HuCD-594-syt11bHCR647_1wpi_3D.czi:0368-0659,255,99.500,659.500,Ventral
369,C2-vms40_6a_F1_Lm5_Biocytin488-HuCD-594-syt11bHCR647_1wpi_3D.czi:0369-0659,0,778.500,659.500,Ventral
370,C2-vms40_6a_F1_Lm5_Biocytin488-HuCD-594-syt11bHCR647_1wpi_3D.czi:0370-0664,0,427.500,664.500,Ventral
371,C2-vms40_6a_F1_Lm5_Biocytin488-HuCD-594-syt11bHCR647_1wpi_3D.czi:0371-0665,0,401.500,665.500,Ventral
372,C2-vms40_6a_F1_Lm5_Biocytin488-HuCD-594-syt11bHCR647_1wpi_3D.czi:0372-0665,0,842.500,665.500,Ventral
373,C2-vms40_6a_F1_Lm5_Biocytin488-HuCD-594-syt11bHCR647_1wpi_3D.czi:0373-0666,0,81.500,666.500,Ventral
374,C2-vms40_6a_F1_Lm5_Biocytin488-HuCD-594-syt11bHCR647_1wpi_3D.czi:0374-0666,0,488.500,666.500,Ventral
375,C2-vms40_6a_F1_Lm5_Biocytin488-HuCD-594-syt11bHCR647_1wpi_3D.czi:0375-0666,0,859.500,666.500,Ventral
376,C2-vms40_6a_F1_Lm5_Biocytin488-HuCD-594-syt11bHCR647_1wpi_3D.czi:0376-0667,0,450.500,667.500,Ventral
377,C2-vms40_6a_F1_Lm5_Biocytin488-HuCD-594-syt11bHCR647_1wpi_3D.czi:0377-0669,0,929.500,669.500,Ventral
378,C2-vms40_6a_F1_Lm5_Biocytin488-HuCD-594-syt11bHCR647_1wpi_3D.czi:0378-0671,0,346.500,671.500,Ventral
379,C2-vms40_6a_F1_Lm5_Biocytin488-HuCD-594-syt11bHCR647_1wpi_3D.czi:0379-0671,0,467.500,671.500,Ventral
380,C2-vms40_6a_F1_Lm5_Biocytin488-HuCD-594-syt11bHCR647_1wpi_3D.czi:0380-0673,0,802.500,673.500,Ventral
381,C2-vms40_6a_F1_Lm5_Biocytin488-HuCD-594-syt11bHCR647_1wpi_3D.czi:0381-0674,255,42.500,674.500,Ventral
382,C2-vms40_6a_F1_Lm5_Biocytin488-HuCD-594-syt11bHCR647_1wpi_3D.czi:0382-0677,0,457.500,677.500,Ventral
383,C2-vms40_6a_F1_Lm5_Biocytin488-HuCD-594-syt11bHCR647_1wpi_3D.czi:0383-0677,0,484.500,677.500,Ventral
384,C2-vms40_6a_F1_Lm5_Biocytin488-HuCD-594-syt11bHCR647_1wpi_3D.czi:0384-0678,255,405.500,678.500,Ventral
385,C2-vms40_6a_F1_Lm5_Biocytin488-HuCD-594-syt11bHCR647_1wpi_3D.czi:0385-0678,0,415.500,678.500,Ventral
386,C2-vms40_6a_F1_Lm5_Biocytin488-HuCD-594-syt11bHCR647_1wpi_3D.czi:0386-0679,0,392.500,679.500,Ventral
387,C2-vms40_6a_F1_Lm5_Biocytin488-HuCD-594-syt11bHCR647_1wpi_3D.czi:0387-0681,0,493.500,681.500,Ventral
388,C2-vms40_6a_F1_Lm5_Biocytin488-HuCD-594-syt11bHCR647_1wpi_3D.czi:0388-0682,255,442.500,682.500,Ventral
389,C2-vms40_6a_F1_Lm5_Biocytin488-HuCD-594-syt11bHCR647_1wpi_3D.czi:0389-0686,0,940.500,686.500,Ventral
390,C2-vms40_6a_F1_Lm5_Biocytin488-HuCD-594-syt11bHCR647_1wpi_3D.czi:0390-0689,0,462.500,689.500,Ventral
391,C2-vms40_6a_F1_Lm5_Biocytin488-HuCD-594-syt11bHCR647_1wpi_3D.czi:0391-0696,0,334.500,696.500,Ventral
392,C2-vms40_6a_F1_Lm5_Biocytin488-HuCD-594-syt11bHCR647_1wpi_3D.czi:0392-0697,0,191.500,697.500,Ventral
393,C2-vms40_6a_F1_Lm5_Biocytin488-HuCD-594-syt11bHCR647_1wpi_3D.czi:0393-0697,0,213.500,697.500,Ventral
394,C2-vms40_6a_F1_Lm5_Biocytin488-HuCD-594-syt11bHCR647_1wpi_3D.czi:0394-0699,0,1014.500,699.500,Ventral
395,C2-vms40_6a_F1_Lm5_Biocytin488-HuCD-594-syt11bHCR647_1wpi_3D.czi:0395-0700,0,505.500,700.500,Ventral
396,C2-vms40_6a_F1_Lm5_Biocytin488-HuCD-594-syt11bHCR647_1wpi_3D.czi:0396-0704,0,487.500,704.500,Ventral
397,C2-vms40_6a_F1_Lm5_Biocytin488-HuCD-594-syt11bHCR647_1wpi_3D.czi:0397-0708,0,228.500,708.500,Ventral
398,C2-vms40_6a_F1_Lm5_Biocytin488-HuCD-594-syt11bHCR647_1wpi_3D.czi:0398-0709,255,309.500,709.500,Ventral
399,C2-vms40_6a_F1_Lm5_Biocytin488-HuCD-594-syt11bHCR647_1wpi_3D.czi:0399-0715,0,497.500,715.500,Ventral
400,C2-vms40_6a_F1_Lm5_Biocytin488-HuCD-594-syt11bHCR647_1wpi_3D.czi:0400-0720,0,623.500,720.500,Ventral
401,C2-vms40_6a_F1_Lm5_Biocytin488-HuCD-594-syt11bHCR647_1wpi_3D.czi:0401-0727,255,245.500,727.500,Ventral
402,C2-vms40_6a_F1_Lm5_Biocytin488-HuCD-594-syt11bHCR647_1wpi_3D.czi:0402-0728,0,498.500,728.500,Ventral
403,C2-vms40_6a_F1_Lm5_Biocytin488-HuCD-594-syt11bHCR647_1wpi_3D.czi:0403-0728,255,683.500,728.500,Ventral
404,C2-vms40_6a_F1_Lm5_Biocytin488-HuCD-594-syt11bHCR647_1wpi_3D.czi:0404-0731,0,941.500,731.500,Ventral
405,C2-vms40_6a_F1_Lm5_Biocytin488-HuCD-594-syt11bHCR647_1wpi_3D.czi:0405-0738,0,642.500,738.500,Ventral
406,C2-vms40_6a_F1_Lm5_Biocytin488-HuCD-594-syt11bHCR647_1wpi_3D.czi:0406-0742,0,825.500,742.500,Ventral
407,C2-vms40_6a_F1_Lm5_Biocytin488-HuCD-594-syt11bHCR647_1wpi_3D.czi:0407-0743,0,493.500,743.500,Ventral
408,C2-vms40_6a_F1_Lm5_Biocytin488-HuCD-594-syt11bHCR647_1wpi_3D.czi:0408-0746,255,323.500,746.500,Ventral
409,C2-vms40_6a_F1_Lm5_Biocytin488-HuCD-594-syt11bHCR647_1wpi_3D.czi:0409-0749,0,57.500,749.500,Ventral
410,C2-vms40_6a_F1_Lm5_Biocytin488-HuCD-594-syt11bHCR647_1wpi_3D.czi:0410-0749,0,504.500,749.500,Ventral
411,C2-vms40_6a_F1_Lm5_Biocytin488-HuCD-594-syt11bHCR647_1wpi_3D.czi:0411-0749,0,997.500,749.500,Ventral
412,C2-vms40_6a_F1_Lm5_Biocytin488-HuCD-594-syt11bHCR647_1wpi_3D.czi:0412-0755,0,723.500,755.500,Ventral
413,C2-vms40_6a_F1_Lm5_Biocytin488-HuCD-594-syt11bHCR647_1wpi_3D.czi:0413-0755,0,775.500,755.500,Ventral
414,C2-vms40_6a_F1_Lm5_Biocytin488-HuCD-594-syt11bHCR647_1wpi_3D.czi:0414-0759,255,293.500,759.500,Ventral
415,C2-vms40_6a_F1_Lm5_Biocytin488-HuCD-594-syt11bHCR647_1wpi_3D.czi:0415-0762,0,947.500,762.500,Ventral
416,C2-vms40_6a_F1_Lm5_Biocytin488-HuCD-594-syt11bHCR647_1wpi_3D.czi:0416-0763,0,958.500,763.500,Ventral
417,C2-vms40_6a_F1_Lm5_Biocytin488-HuCD-594-syt11bHCR647_1wpi_3D.czi:0417-0765,255,504.500,765.500,Ventral
418,C2-vms40_6a_F1_Lm5_Biocytin488-HuCD-594-syt11bHCR647_1wpi_3D.czi:0418-0765,0,934.500,765.500,Ventral
419,C2-vms40_6a_F1_Lm5_Biocytin488-HuCD-594-syt11bHCR647_1wpi_3D.czi:0419-0768,0,719.500,768.500,Ventral
420,C2-vms40_6a_F1_Lm5_Biocytin488-HuCD-594-syt11bHCR647_1wpi_3D.czi:0420-0774,0,945.500,774.500,Ventral
421,C2-vms40_6a_F1_Lm5_Biocytin488-HuCD-594-syt11bHCR647_1wpi_3D.czi:0421-0777,0,489.500,777.500,Ventral
422,C2-vms40_6a_F1_Lm5_Biocytin488-HuCD-594-syt11bHCR647_1wpi_3D.czi:0422-0778,255,818.500,778.500,Ventral
423,C2-vms40_6a_F1_Lm5_Biocytin488-HuCD-594-syt11bHCR647_1wpi_3D.czi:0423-0782,0,800.500,782.500,Ventral
424,C2-vms40_6a_F1_Lm5_Biocytin488-HuCD-594-syt11bHCR647_1wpi_3D.czi:0424-0783,0,933.500,783.500,Ventral
425,C2-vms40_6a_F1_Lm5_Biocytin488-HuCD-594-syt11bHCR647_1wpi_3D.czi:0425-0789,0,911.500,789.500,Ventral
426,C2-vms40_6a_F1_Lm5_Biocytin488-HuCD-594-syt11bHCR647_1wpi_3D.czi:0426-0790,0,385.500,790.500,Ventral
427,C2-vms40_6a_F1_Lm5_Biocytin488-HuCD-594-syt11bHCR647_1wpi_3D.czi:0427-0791,0,166.500,791.500,Ventral
428,C2-vms40_6a_F1_Lm5_Biocytin488-HuCD-594-syt11bHCR647_1wpi_3D.czi:0428-0793,0,478.500,793.500,Ventral
429,C2-vms40_6a_F1_Lm5_Biocytin488-HuCD-594-syt11bHCR647_1wpi_3D.czi:0429-0795,0,921.500,795.500,Ventral
430,C2-vms40_6a_F1_Lm5_Biocytin488-HuCD-594-syt11bHCR647_1wpi_3D.czi:0430-0800,255,848.500,800.500,Ventral
431,C2-vms40_6a_F1_Lm5_Biocytin488-HuCD-594-syt11bHCR647_1wpi_3D.czi:0431-0801,0,606.500,801.500,Ventral
432,C2-vms40_6a_F1_Lm5_Biocytin488-HuCD-594-syt11bHCR647_1wpi_3D.czi:0432-0803,0,473.500,803.500,Ventral
433,C2-vms40_6a_F1_Lm5_Biocytin488-HuCD-594-syt11bHCR647_1wpi_3D.czi:0433-0804,0,897.500,804.500,Ventral
434,C2-vms40_6a_F1_Lm5_Biocytin488-HuCD-594-syt11bHCR647_1wpi_3D.czi:0434-0813,0,155.500,813.500,Ventral
435,C2-vms40_6a_F1_Lm5_Biocytin488-HuCD-594-syt11bHCR647_1wpi_3D.czi:0435-0818,0,396.500,818.500,Ventral
436,C2-vms40_6a_F1_Lm5_Biocytin488-HuCD-594-syt11bHCR647_1wpi_3D.czi:0436-0821,0,467.500,821.500,Ventral
437,C2-vms40_6a_F1_Lm5_Biocytin488-HuCD-594-syt11bHCR647_1wpi_3D.czi:0437-0826,0,123.500,826.500,Ventral
438,C2-vms40_6a_F1_Lm5_Biocytin488-HuCD-594-syt11bHCR647_1wpi_3D.czi:0438-0829,0,798.500,829.500,Ventral
439,C2-vms40_6a_F1_Lm5_Biocytin488-HuCD-594-syt11bHCR647_1wpi_3D.czi:0439-0830,255,464.500,830.500,Ventral
440,C2-vms40_6a_F1_Lm5_Biocytin488-HuCD-594-syt11bHCR647_1wpi_3D.czi:0440-0832,0,873.500,832.500,Ventral
441,C2-vms40_6a_F1_Lm5_Biocytin488-HuCD-594-syt11bHCR647_1wpi_3D.czi:0441-0835,0,620.500,835.500,Ventral
442,C2-vms40_6a_F1_Lm5_Biocytin488-HuCD-594-syt11bHCR647_1wpi_3D.czi:0442-0837,0,900.500,837.500,Ventral
443,C2-vms40_6a_F1_Lm5_Biocytin488-HuCD-594-syt11bHCR647_1wpi_3D.czi:0443-0838,0,886.500,838.500,Ventral
444,C2-vms40_6a_F1_Lm5_Biocytin488-HuCD-594-syt11bHCR647_1wpi_3D.czi:0444-0839,0,696.500,839.500,Ventral
445,C2-vms40_6a_F1_Lm5_Biocytin488-HuCD-594-syt11bHCR647_1wpi_3D.czi:0445-0848,255,114.500,848.500,Ventral
446,C2-vms40_6a_F1_Lm5_Biocytin488-HuCD-594-syt11bHCR647_1wpi_3D.czi:0446-0849,0,670.500,849.500,Ventral
447,C2-vms40_6a_F1_Lm5_Biocytin488-HuCD-594-syt11bHCR647_1wpi_3D.czi:0447-0849,255,749.500,849.500,Ventral
448,C2-vms40_6a_F1_Lm5_Biocytin488-HuCD-594-syt11bHCR647_1wpi_3D.czi:0448-0851,0,20.500,851.500,Ventral
449,C2-vms40_6a_F1_Lm5_Biocytin488-HuCD-594-syt11bHCR647_1wpi_3D.czi:0449-0856,0,459.500,856.500,Ventral
450,C2-vms40_6a_F1_Lm5_Biocytin488-HuCD-594-syt11bHCR647_1wpi_3D.czi:0450-0856,0,887.500,856.500,Ventral
451,C2-vms40_6a_F1_Lm5_Biocytin488-HuCD-594-syt11bHCR647_1wpi_3D.czi:0451-0865,255,109.500,865.500,Ventral
452,C2-vms40_6a_F1_Lm5_Biocytin488-HuCD-594-syt11bHCR647_1wpi_3D.czi:0452-0871,0,913.500,871.500,Ventral
453,C2-vms40_6a_F1_Lm5_Biocytin488-HuCD-594-syt11bHCR647_1wpi_3D.czi:0453-0877,0,461.500,877.500,Ventral
454,C2-vms40_6a_F1_Lm5_Biocytin488-HuCD-594-syt11bHCR647_1wpi_3D.czi:0454-0880,255,109.500,880.500,Ventral
455,C2-vms40_6a_F1_Lm5_Biocytin488-HuCD-594-syt11bHCR647_1wpi_3D.czi:0455-0883,0,449.500,883.500,Ventral
456,C2-vms40_6a_F1_Lm5_Biocytin488-HuCD-594-syt11bHCR647_1wpi_3D.czi:0456-0886,255,329.500,886.500,Ventral
457,C2-vms40_6a_F1_Lm5_Biocytin488-HuCD-594-syt11bHCR647_1wpi_3D.czi:0457-0887,0,773.500,887.500,Ventral
458,C2-vms40_6a_F1_Lm5_Biocytin488-HuCD-594-syt11bHCR647_1wpi_3D.czi:0458-0895,0,467.500,895.500,Ventral
459,C2-vms40_6a_F1_Lm5_Biocytin488-HuCD-594-syt11bHCR647_1wpi_3D.czi:0459-0900,0,448.500,900.500,Ventral
460,C2-vms40_6a_F1_Lm5_Biocytin488-HuCD-594-syt11bHCR647_1wpi_3D.czi:0460-0906,255,32.500,906.500,Ventral
461,C2-vms40_6a_F1_Lm5_Biocytin488-HuCD-594-syt11bHCR647_1wpi_3D.czi:0461-0910,0,478.500,910.500,Ventral
462,C2-vms40_6a_F1_Lm5_Biocytin488-HuCD-594-syt11bHCR647_1wpi_3D.czi:0462-0911,0,607.500,911.500,Ventral
463,C2-vms40_6a_F1_Lm5_Biocytin488-HuCD-594-syt11bHCR647_1wpi_3D.czi:0463-0911,0,616.500,911.500,Ventral
464,C2-vms40_6a_F1_Lm5_Biocytin488-HuCD-594-syt11bHCR647_1wpi_3D.czi:0464-0919,0,448.500,919.500,Ventral
465,C2-vms40_6a_F1_Lm5_Biocytin488-HuCD-594-syt11bHCR647_1wpi_3D.czi:0465-0925,255,784.500,925.500,Ventral
466,C2-vms40_6a_F1_Lm5_Biocytin488-HuCD-594-syt11bHCR647_1wpi_3D.czi:0466-0935,255,138.500,935.500,Ventral
467,C2-vms40_6a_F1_Lm5_Biocytin488-HuCD-594-syt11bHCR647_1wpi_3D.czi:0467-0946,0,805.500,946.500,Ventral
468,C2-vms40_6a_F1_Lm5_Biocytin488-HuCD-594-syt11bHCR647_1wpi_3D.czi:0468-0948,0,104.500,948.500,Ventral
469,C2-vms40_6a_F1_Lm5_Biocytin488-HuCD-594-syt11bHCR647_1wpi_3D.czi:0469-0948,0,911.500,948.500,Ventral
470,C2-vms40_6a_F1_Lm5_Biocytin488-HuCD-594-syt11bHCR647_1wpi_3D.czi:0470-0952,0,93.500,952.500,Ventral
471,C2-vms40_6a_F1_Lm5_Biocytin488-HuCD-594-syt11bHCR647_1wpi_3D.czi:0471-0968,255,791.500,968.500,Ventral
472,C2-vms40_6a_F1_Lm5_Biocytin488-HuCD-594-syt11bHCR647_1wpi_3D.czi:0472-0970,0,414.500,970.500,Ventral
473,C2-vms40_6a_F1_Lm5_Biocytin488-HuCD-594-syt11bHCR647_1wpi_3D.czi:0473-0970,0,933.500,970.500,Ventral
474,C2-vms40_6a_F1_Lm5_Biocytin488-HuCD-594-syt11bHCR647_1wpi_3D.czi:0474-0972,255,462.500,972.500,Ventral
475,C2-vms40_6a_F1_Lm5_Biocytin488-HuCD-594-syt11bHCR647_1wpi_3D.czi:0475-0980,0,823.500,980.500,Ventral
476,C2-vms40_6a_F1_Lm5_Biocytin488-HuCD-594-syt11bHCR647_1wpi_3D.czi:0476-0984,0,94.500,984.500,Ventral
477,C2-vms40_6a_F1_Lm5_Biocytin488-HuCD-594-syt11bHCR647_1wpi_3D.czi:0477-0992,0,826.500,992.500,Ventral
478,C2-vms40_6a_F1_Lm5_Biocytin488-HuCD-594-syt11bHCR647_1wpi_3D.czi:0478-0993,0,369.500,993.500,Ventral
479,C2-vms40_6a_F1_Lm5_Biocytin488-HuCD-594-syt11bHCR647_1wpi_3D.czi:0479-0993,0,883.500,993.500,Ventral
480,C2-vms40_6a_F1_Lm5_Biocytin488-HuCD-594-syt11bHCR647_1wpi_3D.czi:0480-0995,0,190.500,995.500,Ventral
481,C2-vms40_6a_F1_Lm5_Biocytin488-HuCD-594-syt11bHCR647_1wpi_3D.czi:0481-0995,255,691.500,995.500,Ventral
482,C2-vms40_6a_F1_Lm5_Biocytin488-HuCD-594-syt11bHCR647_1wpi_3D.czi:0482-0996,0,862.500,996.500,Ventral
483,C2-vms40_6a_F1_Lm5_Biocytin488-HuCD-594-syt11bHCR647_1wpi_3D.czi:0483-1003,0,737.500,1003.500,Ventral
484,C2-vms40_6a_F1_Lm5_Biocytin488-HuCD-594-syt11bHCR647_1wpi_3D.czi:0484-1004,0,174.500,1004.500,Ventral
485,C2-vms40_6a_F1_Lm5_Biocytin488-HuCD-594-syt11bHCR647_1wpi_3D.czi:0485-1006,0,353.500,1006.500,Ventral
486,C2-vms40_6a_F1_Lm5_Biocytin488-HuCD-594-syt11bHCR647_1wpi_3D.czi:0486-1008,0,484.500,1008.500,Ventral
487,C2-vms40_6a_F1_Lm5_Biocytin488-HuCD-594-syt11bHCR647_1wpi_3D.czi:0487-1009,255,530.500,1009.500,Ventral
488,C2-vms40_6a_F1_Lm5_Biocytin488-HuCD-594-syt11bHCR647_1wpi_3D.czi:0488-1014,255,402.500,1014.500,Ventral
489,C2-vms40_6a_F1_Lm5_Biocytin488-HuCD-594-syt11bHCR647_1wpi_3D.czi:0489-1016,0,378.500,1016.500,Ventral
