 ,Label,Area,Mean,Min,Max,X,Y,IntDen,RawIntDen
1,vms20_3a_F1_L1_Dapi-gad1b-chGFP488-vglut2-rbRFP594-syt11b-B3-647_3D_Total HCR Signal.tif,0.152,41.000,41,41,151.107,71.167,6.235,41
2,vms20_3a_F1_L1_Dapi-gad1b-chGFP488-vglut2-rbRFP594-syt11b-B3-647_3D_Total HCR Signal.tif,0.304,43.500,42,45,183.473,73.701,13.230,87
3,vms20_3a_F1_L1_Dapi-gad1b-chGFP488-vglut2-rbRFP594-syt11b-B3-647_3D_Total HCR Signal.tif,0.152,41.000,41,41,182.693,75.456,6.235,41
4,vms20_3a_F1_L1_Dapi-gad1b-chGFP488-vglut2-rbRFP594-syt11b-B3-647_3D_Total HCR Signal.tif,0.304,52.000,48,56,247.231,81.695,15.815,104
5,vms20_3a_F1_L1_Dapi-gad1b-chGFP488-vglut2-rbRFP594-syt11b-B3-647_3D_Total HCR Signal.tif,0.152,46.000,46,46,184.643,82.085,6.995,46
6,vms20_3a_F1_L1_Dapi-gad1b-chGFP488-vglut2-rbRFP594-syt11b-B3-647_3D_Total HCR Signal.tif,0.152,40.000,40,40,143.698,85.205,6.083,40
7,vms20_3a_F1_L1_Dapi-gad1b-chGFP488-vglut2-rbRFP594-syt11b-B3-647_3D_Total HCR Signal.tif,10.340,76.500,40,211,148.922,88.164,791.036,5202
8,vms20_3a_F1_L1_Dapi-gad1b-chGFP488-vglut2-rbRFP594-syt11b-B3-647_3D_Total HCR Signal.tif,0.152,47.000,47,47,114.451,86.375,7.147,47
9,vms20_3a_F1_L1_Dapi-gad1b-chGFP488-vglut2-rbRFP594-syt11b-B3-647_3D_Total HCR Signal.tif,0.456,42.333,41,44,160.726,86.635,19.312,127
10,vms20_3a_F1_L1_Dapi-gad1b-chGFP488-vglut2-rbRFP594-syt11b-B3-647_3D_Total HCR Signal.tif,0.304,50.500,45,56,113.282,86.960,15.358,101
11,vms20_3a_F1_L1_Dapi-gad1b-chGFP488-vglut2-rbRFP594-syt11b-B3-647_3D_Total HCR Signal.tif,0.304,45.000,43,47,112.307,87.740,13.686,90
12,vms20_3a_F1_L1_Dapi-gad1b-chGFP488-vglut2-rbRFP594-syt11b-B3-647_3D_Total HCR Signal.tif,0.608,52.500,45,58,187.958,89.299,31.933,210
13,vms20_3a_F1_L1_Dapi-gad1b-chGFP488-vglut2-rbRFP594-syt11b-B3-647_3D_Total HCR Signal.tif,0.152,42.000,42,42,203.361,89.104,6.387,42
14,vms20_3a_F1_L1_Dapi-gad1b-chGFP488-vglut2-rbRFP594-syt11b-B3-647_3D_Total HCR Signal.tif,0.152,42.000,42,42,146.428,90.664,6.387,42
15,vms20_3a_F1_L1_Dapi-gad1b-chGFP488-vglut2-rbRFP594-syt11b-B3-647_3D_Total HCR Signal.tif,0.304,42.500,42,43,187.178,90.664,12.925,85
16,vms20_3a_F1_L1_Dapi-gad1b-chGFP488-vglut2-rbRFP594-syt11b-B3-647_3D_Total HCR Signal.tif,0.152,43.000,43,43,190.102,91.054,6.539,43
17,vms20_3a_F1_L1_Dapi-gad1b-chGFP488-vglut2-rbRFP594-syt11b-B3-647_3D_Total HCR Signal.tif,0.608,45.500,43,47,202.776,91.639,27.676,182
18,vms20_3a_F1_L1_Dapi-gad1b-chGFP488-vglut2-rbRFP594-syt11b-B3-647_3D_Total HCR Signal.tif,0.456,41.667,41,43,189.322,91.964,19.008,125
19,vms20_3a_F1_L1_Dapi-gad1b-chGFP488-vglut2-rbRFP594-syt11b-B3-647_3D_Total HCR Signal.tif,0.152,46.000,46,46,187.763,95.734,6.995,46
20,vms20_3a_F1_L1_Dapi-gad1b-chGFP488-vglut2-rbRFP594-syt11b-B3-647_3D_Total HCR Signal.tif,0.152,41.000,41,41,185.423,96.124,6.235,41
21,vms20_3a_F1_L1_Dapi-gad1b-chGFP488-vglut2-rbRFP594-syt11b-B3-647_3D_Total HCR Signal.tif,0.152,42.000,42,42,209.210,99.243,6.387,42
22,vms20_3a_F1_L1_Dapi-gad1b-chGFP488-vglut2-rbRFP594-syt11b-B3-647_3D_Total HCR Signal.tif,0.760,47.800,41,57,179.106,102.909,36.343,239
23,vms20_3a_F1_L1_Dapi-gad1b-chGFP488-vglut2-rbRFP594-syt11b-B3-647_3D_Total HCR Signal.tif,0.152,45.000,45,45,194.002,108.212,6.843,45
24,vms20_3a_F1_L1_Dapi-gad1b-chGFP488-vglut2-rbRFP594-syt11b-B3-647_3D_Total HCR Signal.tif,1.825,56.583,40,78,181.068,109.349,103.251,679
25,vms20_3a_F1_L1_Dapi-gad1b-chGFP488-vglut2-rbRFP594-syt11b-B3-647_3D_Total HCR Signal.tif,0.304,43.000,41,45,196.927,108.992,13.077,86
26,vms20_3a_F1_L1_Dapi-gad1b-chGFP488-vglut2-rbRFP594-syt11b-B3-647_3D_Total HCR Signal.tif,0.608,46.000,42,51,179.184,109.577,27.980,184
27,vms20_3a_F1_L1_Dapi-gad1b-chGFP488-vglut2-rbRFP594-syt11b-B3-647_3D_Total HCR Signal.tif,1.217,47.375,41,53,196.098,110.406,57.632,379
28,vms20_3a_F1_L1_Dapi-gad1b-chGFP488-vglut2-rbRFP594-syt11b-B3-647_3D_Total HCR Signal.tif,0.304,40.500,40,41,195.367,111.332,12.317,81
29,vms20_3a_F1_L1_Dapi-gad1b-chGFP488-vglut2-rbRFP594-syt11b-B3-647_3D_Total HCR Signal.tif,0.912,48.500,41,57,206.155,112.957,44.251,291
30,vms20_3a_F1_L1_Dapi-gad1b-chGFP488-vglut2-rbRFP594-syt11b-B3-647_3D_Total HCR Signal.tif,0.152,40.000,40,40,133.949,112.892,6.083,40
31,vms20_3a_F1_L1_Dapi-gad1b-chGFP488-vglut2-rbRFP594-syt11b-B3-647_3D_Total HCR Signal.tif,0.152,46.000,46,46,207.650,112.892,6.995,46
32,vms20_3a_F1_L1_Dapi-gad1b-chGFP488-vglut2-rbRFP594-syt11b-B3-647_3D_Total HCR Signal.tif,1.064,60.143,42,83,186.871,113.671,64.019,421
33,vms20_3a_F1_L1_Dapi-gad1b-chGFP488-vglut2-rbRFP594-syt11b-B3-647_3D_Total HCR Signal.tif,0.456,45.000,41,52,206.090,114.321,20.529,135
34,vms20_3a_F1_L1_Dapi-gad1b-chGFP488-vglut2-rbRFP594-syt11b-B3-647_3D_Total HCR Signal.tif,0.608,43.750,40,47,209.503,114.841,26.611,175
35,vms20_3a_F1_L1_Dapi-gad1b-chGFP488-vglut2-rbRFP594-syt11b-B3-647_3D_Total HCR Signal.tif,0.608,47.750,41,52,186.398,115.426,29.044,191
36,vms20_3a_F1_L1_Dapi-gad1b-chGFP488-vglut2-rbRFP594-syt11b-B3-647_3D_Total HCR Signal.tif,0.304,41.000,40,42,190.492,115.426,12.469,82
37,vms20_3a_F1_L1_Dapi-gad1b-chGFP488-vglut2-rbRFP594-syt11b-B3-647_3D_Total HCR Signal.tif,0.152,61.000,61,61,201.411,116.401,9.276,61
38,vms20_3a_F1_L1_Dapi-gad1b-chGFP488-vglut2-rbRFP594-syt11b-B3-647_3D_Total HCR Signal.tif,0.152,45.000,45,45,205.701,116.401,6.843,45
39,vms20_3a_F1_L1_Dapi-gad1b-chGFP488-vglut2-rbRFP594-syt11b-B3-647_3D_Total HCR Signal.tif,0.152,41.000,41,41,179.964,117.181,6.235,41
40,vms20_3a_F1_L1_Dapi-gad1b-chGFP488-vglut2-rbRFP594-syt11b-B3-647_3D_Total HCR Signal.tif,0.608,50.000,41,62,192.247,117.376,30.413,200
41,vms20_3a_F1_L1_Dapi-gad1b-chGFP488-vglut2-rbRFP594-syt11b-B3-647_3D_Total HCR Signal.tif,0.304,45.000,41,49,187.568,117.571,13.686,90
42,vms20_3a_F1_L1_Dapi-gad1b-chGFP488-vglut2-rbRFP594-syt11b-B3-647_3D_Total HCR Signal.tif,0.608,50.750,42,59,196.147,117.766,30.869,203
43,vms20_3a_F1_L1_Dapi-gad1b-chGFP488-vglut2-rbRFP594-syt11b-B3-647_3D_Total HCR Signal.tif,1.521,54.000,44,68,203.361,118.273,82.114,540
44,vms20_3a_F1_L1_Dapi-gad1b-chGFP488-vglut2-rbRFP594-syt11b-B3-647_3D_Total HCR Signal.tif,0.152,41.000,41,41,179.184,117.961,6.235,41
45,vms20_3a_F1_L1_Dapi-gad1b-chGFP488-vglut2-rbRFP594-syt11b-B3-647_3D_Total HCR Signal.tif,5.322,50.686,40,75,206.915,118.997,269.761,1774
46,vms20_3a_F1_L1_Dapi-gad1b-chGFP488-vglut2-rbRFP594-syt11b-B3-647_3D_Total HCR Signal.tif,1.217,44.375,40,53,181.913,119.033,53.983,355
47,vms20_3a_F1_L1_Dapi-gad1b-chGFP488-vglut2-rbRFP594-syt11b-B3-647_3D_Total HCR Signal.tif,0.152,54.000,54,54,194.392,118.351,8.211,54
48,vms20_3a_F1_L1_Dapi-gad1b-chGFP488-vglut2-rbRFP594-syt11b-B3-647_3D_Total HCR Signal.tif,0.304,44.000,41,47,221.884,118.351,13.382,88
49,vms20_3a_F1_L1_Dapi-gad1b-chGFP488-vglut2-rbRFP594-syt11b-B3-647_3D_Total HCR Signal.tif,0.608,50.500,44,61,210.575,119.326,30.717,202
50,vms20_3a_F1_L1_Dapi-gad1b-chGFP488-vglut2-rbRFP594-syt11b-B3-647_3D_Total HCR Signal.tif,1.217,56.500,47,77,192.393,119.862,68.733,452
51,vms20_3a_F1_L1_Dapi-gad1b-chGFP488-vglut2-rbRFP594-syt11b-B3-647_3D_Total HCR Signal.tif,0.152,40.000,40,40,209.600,119.521,6.083,40
52,vms20_3a_F1_L1_Dapi-gad1b-chGFP488-vglut2-rbRFP594-syt11b-B3-647_3D_Total HCR Signal.tif,0.152,40.000,40,40,211.550,119.521,6.083,40
53,vms20_3a_F1_L1_Dapi-gad1b-chGFP488-vglut2-rbRFP594-syt11b-B3-647_3D_Total HCR Signal.tif,0.152,44.000,44,44,115.621,119.911,6.691,44
54,vms20_3a_F1_L1_Dapi-gad1b-chGFP488-vglut2-rbRFP594-syt11b-B3-647_3D_Total HCR Signal.tif,0.152,44.000,44,44,180.743,119.911,6.691,44
55,vms20_3a_F1_L1_Dapi-gad1b-chGFP488-vglut2-rbRFP594-syt11b-B3-647_3D_Total HCR Signal.tif,0.152,57.000,57,57,219.349,120.301,8.668,57
56,vms20_3a_F1_L1_Dapi-gad1b-chGFP488-vglut2-rbRFP594-syt11b-B3-647_3D_Total HCR Signal.tif,0.456,55.333,50,60,119.651,121.731,25.243,166
57,vms20_3a_F1_L1_Dapi-gad1b-chGFP488-vglut2-rbRFP594-syt11b-B3-647_3D_Total HCR Signal.tif,0.304,42.500,41,44,115.816,122.055,12.925,85
58,vms20_3a_F1_L1_Dapi-gad1b-chGFP488-vglut2-rbRFP594-syt11b-B3-647_3D_Total HCR Signal.tif,0.304,41.000,40,42,190.492,123.225,12.469,82
59,vms20_3a_F1_L1_Dapi-gad1b-chGFP488-vglut2-rbRFP594-syt11b-B3-647_3D_Total HCR Signal.tif,0.760,43.000,42,44,178.638,124.278,32.694,215
60,vms20_3a_F1_L1_Dapi-gad1b-chGFP488-vglut2-rbRFP594-syt11b-B3-647_3D_Total HCR Signal.tif,0.760,52.200,40,71,179.028,126.618,39.689,261
61,vms20_3a_F1_L1_Dapi-gad1b-chGFP488-vglut2-rbRFP594-syt11b-B3-647_3D_Total HCR Signal.tif,1.521,50.000,40,75,197.901,126.813,76.032,500
62,vms20_3a_F1_L1_Dapi-gad1b-chGFP488-vglut2-rbRFP594-syt11b-B3-647_3D_Total HCR Signal.tif,1.369,53.556,40,82,200.848,127.060,73.295,482
63,vms20_3a_F1_L1_Dapi-gad1b-chGFP488-vglut2-rbRFP594-syt11b-B3-647_3D_Total HCR Signal.tif,0.152,40.000,40,40,202.971,126.930,6.083,40
64,vms20_3a_F1_L1_Dapi-gad1b-chGFP488-vglut2-rbRFP594-syt11b-B3-647_3D_Total HCR Signal.tif,0.152,42.000,42,42,181.133,128.100,6.387,42
65,vms20_3a_F1_L1_Dapi-gad1b-chGFP488-vglut2-rbRFP594-syt11b-B3-647_3D_Total HCR Signal.tif,0.304,48.000,42,54,194.977,128.880,14.598,96
66,vms20_3a_F1_L1_Dapi-gad1b-chGFP488-vglut2-rbRFP594-syt11b-B3-647_3D_Total HCR Signal.tif,4.562,53.467,40,77,200.631,130.582,243.910,1604
67,vms20_3a_F1_L1_Dapi-gad1b-chGFP488-vglut2-rbRFP594-syt11b-B3-647_3D_Total HCR Signal.tif,0.456,48.667,42,61,181.913,130.699,22.201,146
68,vms20_3a_F1_L1_Dapi-gad1b-chGFP488-vglut2-rbRFP594-syt11b-B3-647_3D_Total HCR Signal.tif,0.152,43.000,43,43,178.794,130.829,6.539,43
69,vms20_3a_F1_L1_Dapi-gad1b-chGFP488-vglut2-rbRFP594-syt11b-B3-647_3D_Total HCR Signal.tif,0.152,41.000,41,41,193.612,131.219,6.235,41
70,vms20_3a_F1_L1_Dapi-gad1b-chGFP488-vglut2-rbRFP594-syt11b-B3-647_3D_Total HCR Signal.tif,0.304,45.000,44,46,178.989,132.779,13.686,90
71,vms20_3a_F1_L1_Dapi-gad1b-chGFP488-vglut2-rbRFP594-syt11b-B3-647_3D_Total HCR Signal.tif,0.760,53.800,42,67,184.331,132.935,40.905,269
72,vms20_3a_F1_L1_Dapi-gad1b-chGFP488-vglut2-rbRFP594-syt11b-B3-647_3D_Total HCR Signal.tif,0.152,42.000,42,42,191.272,133.169,6.387,42
73,vms20_3a_F1_L1_Dapi-gad1b-chGFP488-vglut2-rbRFP594-syt11b-B3-647_3D_Total HCR Signal.tif,2.129,54.214,40,77,180.743,134.255,115.416,759
74,vms20_3a_F1_L1_Dapi-gad1b-chGFP488-vglut2-rbRFP594-syt11b-B3-647_3D_Total HCR Signal.tif,0.760,44.400,42,48,200.241,133.715,33.758,222
75,vms20_3a_F1_L1_Dapi-gad1b-chGFP488-vglut2-rbRFP594-syt11b-B3-647_3D_Total HCR Signal.tif,1.673,47.000,40,61,198.185,134.658,78.617,517
76,vms20_3a_F1_L1_Dapi-gad1b-chGFP488-vglut2-rbRFP594-syt11b-B3-647_3D_Total HCR Signal.tif,0.456,42.000,41,43,183.213,135.379,19.160,126
77,vms20_3a_F1_L1_Dapi-gad1b-chGFP488-vglut2-rbRFP594-syt11b-B3-647_3D_Total HCR Signal.tif,0.152,44.000,44,44,103.143,137.459,6.691,44
78,vms20_3a_F1_L1_Dapi-gad1b-chGFP488-vglut2-rbRFP594-syt11b-B3-647_3D_Total HCR Signal.tif,0.304,45.500,42,49,146.428,140.773,13.838,91
79,vms20_3a_F1_L1_Dapi-gad1b-chGFP488-vglut2-rbRFP594-syt11b-B3-647_3D_Total HCR Signal.tif,2.129,49.143,41,66,184.866,142.556,104.620,688
80,vms20_3a_F1_L1_Dapi-gad1b-chGFP488-vglut2-rbRFP594-syt11b-B3-647_3D_Total HCR Signal.tif,0.304,43.000,40,46,182.498,142.333,13.077,86
81,vms20_3a_F1_L1_Dapi-gad1b-chGFP488-vglut2-rbRFP594-syt11b-B3-647_3D_Total HCR Signal.tif,0.152,40.000,40,40,183.473,142.528,6.083,40
82,vms20_3a_F1_L1_Dapi-gad1b-chGFP488-vglut2-rbRFP594-syt11b-B3-647_3D_Total HCR Signal.tif,0.152,41.000,41,41,178.404,143.698,6.235,41
83,vms20_3a_F1_L1_Dapi-gad1b-chGFP488-vglut2-rbRFP594-syt11b-B3-647_3D_Total HCR Signal.tif,0.152,40.000,40,40,178.014,144.478,6.083,40
84,vms20_3a_F1_L1_Dapi-gad1b-chGFP488-vglut2-rbRFP594-syt11b-B3-647_3D_Total HCR Signal.tif,0.152,40.000,40,40,190.102,144.478,6.083,40
85,vms20_3a_F1_L1_Dapi-gad1b-chGFP488-vglut2-rbRFP594-syt11b-B3-647_3D_Total HCR Signal.tif,0.152,41.000,41,41,178.404,145.258,6.235,41
86,vms20_3a_F1_L1_Dapi-gad1b-chGFP488-vglut2-rbRFP594-syt11b-B3-647_3D_Total HCR Signal.tif,0.152,48.000,48,48,184.643,145.258,7.299,48
87,vms20_3a_F1_L1_Dapi-gad1b-chGFP488-vglut2-rbRFP594-syt11b-B3-647_3D_Total HCR Signal.tif,0.608,41.750,40,44,186.203,147.110,25.395,167
88,vms20_3a_F1_L1_Dapi-gad1b-chGFP488-vglut2-rbRFP594-syt11b-B3-647_3D_Total HCR Signal.tif,0.152,43.000,43,43,179.574,147.207,6.539,43
89,vms20_3a_F1_L1_Dapi-gad1b-chGFP488-vglut2-rbRFP594-syt11b-B3-647_3D_Total HCR Signal.tif,0.152,42.000,42,42,182.693,147.597,6.387,42
90,vms20_3a_F1_L1_Dapi-gad1b-chGFP488-vglut2-rbRFP594-syt11b-B3-647_3D_Total HCR Signal.tif,0.760,51.200,43,55,195.718,148.065,38.928,256
91,vms20_3a_F1_L1_Dapi-gad1b-chGFP488-vglut2-rbRFP594-syt11b-B3-647_3D_Total HCR Signal.tif,0.760,43.400,40,48,184.721,148.533,32.998,217
92,vms20_3a_F1_L1_Dapi-gad1b-chGFP488-vglut2-rbRFP594-syt11b-B3-647_3D_Total HCR Signal.tif,0.304,48.500,47,50,179.379,149.352,14.750,97
93,vms20_3a_F1_L1_Dapi-gad1b-chGFP488-vglut2-rbRFP594-syt11b-B3-647_3D_Total HCR Signal.tif,0.152,43.000,43,43,276.282,151.497,6.539,43
94,vms20_3a_F1_L1_Dapi-gad1b-chGFP488-vglut2-rbRFP594-syt11b-B3-647_3D_Total HCR Signal.tif,0.912,54.667,40,64,195.107,152.212,49.877,328
95,vms20_3a_F1_L1_Dapi-gad1b-chGFP488-vglut2-rbRFP594-syt11b-B3-647_3D_Total HCR Signal.tif,0.304,46.000,44,48,172.749,152.277,13.990,92
96,vms20_3a_F1_L1_Dapi-gad1b-chGFP488-vglut2-rbRFP594-syt11b-B3-647_3D_Total HCR Signal.tif,0.456,57.333,54,62,183.343,153.187,26.155,172
97,vms20_3a_F1_L1_Dapi-gad1b-chGFP488-vglut2-rbRFP594-syt11b-B3-647_3D_Total HCR Signal.tif,0.152,46.000,46,46,185.423,153.447,6.995,46
98,vms20_3a_F1_L1_Dapi-gad1b-chGFP488-vglut2-rbRFP594-syt11b-B3-647_3D_Total HCR Signal.tif,0.152,43.000,43,43,198.291,156.956,6.539,43
99,vms20_3a_F1_L1_Dapi-gad1b-chGFP488-vglut2-rbRFP594-syt11b-B3-647_3D_Total HCR Signal.tif,0.456,47.000,43,50,194.782,157.736,21.441,141
100,vms20_3a_F1_L1_Dapi-gad1b-chGFP488-vglut2-rbRFP594-syt11b-B3-647_3D_Total HCR Signal.tif,0.912,50.333,43,65,196.992,158.971,45.923,302
101,vms20_3a_F1_L1_Dapi-gad1b-chGFP488-vglut2-rbRFP594-syt11b-B3-647_3D_Total HCR Signal.tif,0.152,45.000,45,45,104.703,160.076,6.843,45
102,vms20_3a_F1_L1_Dapi-gad1b-chGFP488-vglut2-rbRFP594-syt11b-B3-647_3D_Total HCR Signal.tif,1.064,46.429,40,52,201.021,160.466,49.421,325
103,vms20_3a_F1_L1_Dapi-gad1b-chGFP488-vglut2-rbRFP594-syt11b-B3-647_3D_Total HCR Signal.tif,2.433,49.250,40,66,197.024,162.026,119.826,788
104,vms20_3a_F1_L1_Dapi-gad1b-chGFP488-vglut2-rbRFP594-syt11b-B3-647_3D_Total HCR Signal.tif,0.456,45.667,41,54,198.941,160.986,20.833,137
105,vms20_3a_F1_L1_Dapi-gad1b-chGFP488-vglut2-rbRFP594-syt11b-B3-647_3D_Total HCR Signal.tif,0.152,45.000,45,45,286.031,160.856,6.843,45
106,vms20_3a_F1_L1_Dapi-gad1b-chGFP488-vglut2-rbRFP594-syt11b-B3-647_3D_Total HCR Signal.tif,0.608,43.750,41,50,200.534,162.221,26.611,175
107,vms20_3a_F1_L1_Dapi-gad1b-chGFP488-vglut2-rbRFP594-syt11b-B3-647_3D_Total HCR Signal.tif,0.304,51.000,51,51,210.575,162.416,15.511,102
108,vms20_3a_F1_L1_Dapi-gad1b-chGFP488-vglut2-rbRFP594-syt11b-B3-647_3D_Total HCR Signal.tif,0.912,49.167,40,61,232.802,164.235,44.859,295
109,vms20_3a_F1_L1_Dapi-gad1b-chGFP488-vglut2-rbRFP594-syt11b-B3-647_3D_Total HCR Signal.tif,1.369,48.222,42,59,196.732,165.362,65.996,434
110,vms20_3a_F1_L1_Dapi-gad1b-chGFP488-vglut2-rbRFP594-syt11b-B3-647_3D_Total HCR Signal.tif,0.304,43.500,42,45,249.570,166.510,13.230,87
111,vms20_3a_F1_L1_Dapi-gad1b-chGFP488-vglut2-rbRFP594-syt11b-B3-647_3D_Total HCR Signal.tif,0.152,42.000,42,42,202.581,167.875,6.387,42
112,vms20_3a_F1_L1_Dapi-gad1b-chGFP488-vglut2-rbRFP594-syt11b-B3-647_3D_Total HCR Signal.tif,0.152,41.000,41,41,201.411,168.265,6.235,41
113,vms20_3a_F1_L1_Dapi-gad1b-chGFP488-vglut2-rbRFP594-syt11b-B3-647_3D_Total HCR Signal.tif,0.152,44.000,44,44,179.574,170.995,6.691,44
114,vms20_3a_F1_L1_Dapi-gad1b-chGFP488-vglut2-rbRFP594-syt11b-B3-647_3D_Total HCR Signal.tif,0.152,46.000,46,46,201.411,171.385,6.995,46
115,vms20_3a_F1_L1_Dapi-gad1b-chGFP488-vglut2-rbRFP594-syt11b-B3-647_3D_Total HCR Signal.tif,0.456,45.333,42,48,180.614,171.905,20.681,136
116,vms20_3a_F1_L1_Dapi-gad1b-chGFP488-vglut2-rbRFP594-syt11b-B3-647_3D_Total HCR Signal.tif,0.152,43.000,43,43,204.531,171.775,6.539,43
117,vms20_3a_F1_L1_Dapi-gad1b-chGFP488-vglut2-rbRFP594-syt11b-B3-647_3D_Total HCR Signal.tif,1.521,66.000,41,121,205.973,172.087,100.362,660
118,vms20_3a_F1_L1_Dapi-gad1b-chGFP488-vglut2-rbRFP594-syt11b-B3-647_3D_Total HCR Signal.tif,0.608,49.000,44,53,203.166,172.359,29.805,196
119,vms20_3a_F1_L1_Dapi-gad1b-chGFP488-vglut2-rbRFP594-syt11b-B3-647_3D_Total HCR Signal.tif,0.760,49.600,44,55,181.679,174.972,37.712,248
120,vms20_3a_F1_L1_Dapi-gad1b-chGFP488-vglut2-rbRFP594-syt11b-B3-647_3D_Total HCR Signal.tif,0.760,44.200,42,47,181.679,176.376,33.606,221
121,vms20_3a_F1_L1_Dapi-gad1b-chGFP488-vglut2-rbRFP594-syt11b-B3-647_3D_Total HCR Signal.tif,1.217,46.250,41,53,183.473,177.478,56.264,370
122,vms20_3a_F1_L1_Dapi-gad1b-chGFP488-vglut2-rbRFP594-syt11b-B3-647_3D_Total HCR Signal.tif,1.064,54.286,40,70,138.294,177.512,57.784,380
123,vms20_3a_F1_L1_Dapi-gad1b-chGFP488-vglut2-rbRFP594-syt11b-B3-647_3D_Total HCR Signal.tif,0.304,41.000,41,41,209.405,178.014,12.469,82
124,vms20_3a_F1_L1_Dapi-gad1b-chGFP488-vglut2-rbRFP594-syt11b-B3-647_3D_Total HCR Signal.tif,0.456,42.667,40,45,221.949,180.484,19.464,128
125,vms20_3a_F1_L1_Dapi-gad1b-chGFP488-vglut2-rbRFP594-syt11b-B3-647_3D_Total HCR Signal.tif,0.152,45.000,45,45,126.930,181.913,6.843,45
126,vms20_3a_F1_L1_Dapi-gad1b-chGFP488-vglut2-rbRFP594-syt11b-B3-647_3D_Total HCR Signal.tif,0.152,51.000,51,51,202.581,181.913,7.755,51
127,vms20_3a_F1_L1_Dapi-gad1b-chGFP488-vglut2-rbRFP594-syt11b-B3-647_3D_Total HCR Signal.tif,1.521,47.600,41,53,215.722,185.384,72.382,476
128,vms20_3a_F1_L1_Dapi-gad1b-chGFP488-vglut2-rbRFP594-syt11b-B3-647_3D_Total HCR Signal.tif,0.152,41.000,41,41,183.863,189.322,6.235,41
129,vms20_3a_F1_L1_Dapi-gad1b-chGFP488-vglut2-rbRFP594-syt11b-B3-647_3D_Total HCR Signal.tif,1.064,48.143,40,58,218.513,190.214,51.246,337
130,vms20_3a_F1_L1_Dapi-gad1b-chGFP488-vglut2-rbRFP594-syt11b-B3-647_3D_Total HCR Signal.tif,0.760,53.000,45,70,240.016,190.492,40.297,265
131,vms20_3a_F1_L1_Dapi-gad1b-chGFP488-vglut2-rbRFP594-syt11b-B3-647_3D_Total HCR Signal.tif,0.608,53.250,40,60,181.133,191.565,32.390,213
132,vms20_3a_F1_L1_Dapi-gad1b-chGFP488-vglut2-rbRFP594-syt11b-B3-647_3D_Total HCR Signal.tif,0.304,47.000,43,51,219.544,191.272,14.294,94
133,vms20_3a_F1_L1_Dapi-gad1b-chGFP488-vglut2-rbRFP594-syt11b-B3-647_3D_Total HCR Signal.tif,0.152,46.000,46,46,209.990,191.662,6.995,46
134,vms20_3a_F1_L1_Dapi-gad1b-chGFP488-vglut2-rbRFP594-syt11b-B3-647_3D_Total HCR Signal.tif,0.152,45.000,45,45,218.959,192.442,6.843,45
135,vms20_3a_F1_L1_Dapi-gad1b-chGFP488-vglut2-rbRFP594-syt11b-B3-647_3D_Total HCR Signal.tif,0.304,47.500,42,53,225.783,192.442,14.446,95
136,vms20_3a_F1_L1_Dapi-gad1b-chGFP488-vglut2-rbRFP594-syt11b-B3-647_3D_Total HCR Signal.tif,8.211,54.204,40,103,180.419,194.327,445.091,2927
137,vms20_3a_F1_L1_Dapi-gad1b-chGFP488-vglut2-rbRFP594-syt11b-B3-647_3D_Total HCR Signal.tif,0.304,46.000,41,51,223.833,192.832,13.990,92
138,vms20_3a_F1_L1_Dapi-gad1b-chGFP488-vglut2-rbRFP594-syt11b-B3-647_3D_Total HCR Signal.tif,0.152,41.000,41,41,184.643,193.222,6.235,41
139,vms20_3a_F1_L1_Dapi-gad1b-chGFP488-vglut2-rbRFP594-syt11b-B3-647_3D_Total HCR Signal.tif,0.152,42.000,42,42,183.083,194.782,6.387,42
140,vms20_3a_F1_L1_Dapi-gad1b-chGFP488-vglut2-rbRFP594-syt11b-B3-647_3D_Total HCR Signal.tif,0.760,44.400,41,48,188.075,196.108,33.758,222
141,vms20_3a_F1_L1_Dapi-gad1b-chGFP488-vglut2-rbRFP594-syt11b-B3-647_3D_Total HCR Signal.tif,0.608,46.750,41,51,223.736,196.342,28.436,187
142,vms20_3a_F1_L1_Dapi-gad1b-chGFP488-vglut2-rbRFP594-syt11b-B3-647_3D_Total HCR Signal.tif,0.912,48.833,41,58,175.479,196.472,44.555,293
143,vms20_3a_F1_L1_Dapi-gad1b-chGFP488-vglut2-rbRFP594-syt11b-B3-647_3D_Total HCR Signal.tif,9.276,53.377,40,97,181.370,198.809,495.120,3256
144,vms20_3a_F1_L1_Dapi-gad1b-chGFP488-vglut2-rbRFP594-syt11b-B3-647_3D_Total HCR Signal.tif,0.760,56.200,42,68,187.061,197.356,42.730,281
145,vms20_3a_F1_L1_Dapi-gad1b-chGFP488-vglut2-rbRFP594-syt11b-B3-647_3D_Total HCR Signal.tif,0.912,59.333,40,78,210.575,197.512,54.135,356
146,vms20_3a_F1_L1_Dapi-gad1b-chGFP488-vglut2-rbRFP594-syt11b-B3-647_3D_Total HCR Signal.tif,0.152,41.000,41,41,122.250,197.901,6.235,41
147,vms20_3a_F1_L1_Dapi-gad1b-chGFP488-vglut2-rbRFP594-syt11b-B3-647_3D_Total HCR Signal.tif,0.152,56.000,56,56,179.184,198.291,8.516,56
148,vms20_3a_F1_L1_Dapi-gad1b-chGFP488-vglut2-rbRFP594-syt11b-B3-647_3D_Total HCR Signal.tif,0.152,40.000,40,40,185.423,198.291,6.083,40
149,vms20_3a_F1_L1_Dapi-gad1b-chGFP488-vglut2-rbRFP594-syt11b-B3-647_3D_Total HCR Signal.tif,0.152,42.000,42,42,123.030,198.681,6.387,42
150,vms20_3a_F1_L1_Dapi-gad1b-chGFP488-vglut2-rbRFP594-syt11b-B3-647_3D_Total HCR Signal.tif,0.152,40.000,40,40,252.105,198.681,6.083,40
151,vms20_3a_F1_L1_Dapi-gad1b-chGFP488-vglut2-rbRFP594-syt11b-B3-647_3D_Total HCR Signal.tif,0.456,43.667,42,45,185.553,200.371,19.920,131
152,vms20_3a_F1_L1_Dapi-gad1b-chGFP488-vglut2-rbRFP594-syt11b-B3-647_3D_Total HCR Signal.tif,0.760,44.000,40,46,174.660,200.865,33.454,220
153,vms20_3a_F1_L1_Dapi-gad1b-chGFP488-vglut2-rbRFP594-syt11b-B3-647_3D_Total HCR Signal.tif,0.608,44.750,41,49,184.253,200.729,27.219,179
154,vms20_3a_F1_L1_Dapi-gad1b-chGFP488-vglut2-rbRFP594-syt11b-B3-647_3D_Total HCR Signal.tif,0.152,45.000,45,45,88.324,202.191,6.843,45
155,vms20_3a_F1_L1_Dapi-gad1b-chGFP488-vglut2-rbRFP594-syt11b-B3-647_3D_Total HCR Signal.tif,0.152,46.000,46,46,98.463,202.581,6.995,46
156,vms20_3a_F1_L1_Dapi-gad1b-chGFP488-vglut2-rbRFP594-syt11b-B3-647_3D_Total HCR Signal.tif,0.912,52.167,43,67,217.854,203.231,47.596,313
157,vms20_3a_F1_L1_Dapi-gad1b-chGFP488-vglut2-rbRFP594-syt11b-B3-647_3D_Total HCR Signal.tif,0.152,44.000,44,44,219.349,202.971,6.691,44
158,vms20_3a_F1_L1_Dapi-gad1b-chGFP488-vglut2-rbRFP594-syt11b-B3-647_3D_Total HCR Signal.tif,0.304,42.500,42,43,216.034,203.361,12.925,85
159,vms20_3a_F1_L1_Dapi-gad1b-chGFP488-vglut2-rbRFP594-syt11b-B3-647_3D_Total HCR Signal.tif,0.456,46.667,43,53,214.929,203.881,21.289,140
160,vms20_3a_F1_L1_Dapi-gad1b-chGFP488-vglut2-rbRFP594-syt11b-B3-647_3D_Total HCR Signal.tif,0.304,44.500,43,46,166.510,204.141,13.534,89
161,vms20_3a_F1_L1_Dapi-gad1b-chGFP488-vglut2-rbRFP594-syt11b-B3-647_3D_Total HCR Signal.tif,111.919,65.120,40,154,177.842,210.832,7288.115,47928.000
162,vms20_3a_F1_L1_Dapi-gad1b-chGFP488-vglut2-rbRFP594-syt11b-B3-647_3D_Total HCR Signal.tif,1.217,51.500,40,72,220.811,204.531,62.650,412
163,vms20_3a_F1_L1_Dapi-gad1b-chGFP488-vglut2-rbRFP594-syt11b-B3-647_3D_Total HCR Signal.tif,0.304,43.500,42,45,214.280,204.726,13.230,87
164,vms20_3a_F1_L1_Dapi-gad1b-chGFP488-vglut2-rbRFP594-syt11b-B3-647_3D_Total HCR Signal.tif,1.064,49.857,41,76,217.399,204.921,53.070,349
165,vms20_3a_F1_L1_Dapi-gad1b-chGFP488-vglut2-rbRFP594-syt11b-B3-647_3D_Total HCR Signal.tif,0.608,54.750,48,61,218.959,205.116,33.302,219
166,vms20_3a_F1_L1_Dapi-gad1b-chGFP488-vglut2-rbRFP594-syt11b-B3-647_3D_Total HCR Signal.tif,0.912,61.333,49,79,217.204,207.065,55.959,368
167,vms20_3a_F1_L1_Dapi-gad1b-chGFP488-vglut2-rbRFP594-syt11b-B3-647_3D_Total HCR Signal.tif,0.456,51.333,42,68,214.020,208.560,23.418,154
168,vms20_3a_F1_L1_Dapi-gad1b-chGFP488-vglut2-rbRFP594-syt11b-B3-647_3D_Total HCR Signal.tif,1.369,47.000,41,55,221.039,210.987,64.323,423
169,vms20_3a_F1_L1_Dapi-gad1b-chGFP488-vglut2-rbRFP594-syt11b-B3-647_3D_Total HCR Signal.tif,0.152,50.000,50,50,201.801,211.550,7.603,50
170,vms20_3a_F1_L1_Dapi-gad1b-chGFP488-vglut2-rbRFP594-syt11b-B3-647_3D_Total HCR Signal.tif,0.152,44.000,44,44,224.028,213.500,6.691,44
171,vms20_3a_F1_L1_Dapi-gad1b-chGFP488-vglut2-rbRFP594-syt11b-B3-647_3D_Total HCR Signal.tif,0.152,43.000,43,43,222.469,213.890,6.539,43
172,vms20_3a_F1_L1_Dapi-gad1b-chGFP488-vglut2-rbRFP594-syt11b-B3-647_3D_Total HCR Signal.tif,0.152,45.000,45,45,172.554,215.059,6.843,45
173,vms20_3a_F1_L1_Dapi-gad1b-chGFP488-vglut2-rbRFP594-syt11b-B3-647_3D_Total HCR Signal.tif,0.152,43.000,43,43,173.724,215.449,6.539,43
174,vms20_3a_F1_L1_Dapi-gad1b-chGFP488-vglut2-rbRFP594-syt11b-B3-647_3D_Total HCR Signal.tif,0.304,47.500,44,51,176.649,217.789,14.446,95
175,vms20_3a_F1_L1_Dapi-gad1b-chGFP488-vglut2-rbRFP594-syt11b-B3-647_3D_Total HCR Signal.tif,0.152,42.000,42,42,178.404,218.179,6.387,42
176,vms20_3a_F1_L1_Dapi-gad1b-chGFP488-vglut2-rbRFP594-syt11b-B3-647_3D_Total HCR Signal.tif,0.152,42.000,42,42,214.280,218.179,6.387,42
177,vms20_3a_F1_L1_Dapi-gad1b-chGFP488-vglut2-rbRFP594-syt11b-B3-647_3D_Total HCR Signal.tif,0.760,50.000,43,59,225.900,218.335,38.016,250
178,vms20_3a_F1_L1_Dapi-gad1b-chGFP488-vglut2-rbRFP594-syt11b-B3-647_3D_Total HCR Signal.tif,0.152,41.000,41,41,215.839,218.569,6.235,41
179,vms20_3a_F1_L1_Dapi-gad1b-chGFP488-vglut2-rbRFP594-syt11b-B3-647_3D_Total HCR Signal.tif,0.304,44.000,41,47,168.070,219.739,13.382,88
180,vms20_3a_F1_L1_Dapi-gad1b-chGFP488-vglut2-rbRFP594-syt11b-B3-647_3D_Total HCR Signal.tif,2.281,53.867,40,84,172.528,220.493,122.868,808
181,vms20_3a_F1_L1_Dapi-gad1b-chGFP488-vglut2-rbRFP594-syt11b-B3-647_3D_Total HCR Signal.tif,0.152,40.000,40,40,180.743,219.739,6.083,40
182,vms20_3a_F1_L1_Dapi-gad1b-chGFP488-vglut2-rbRFP594-syt11b-B3-647_3D_Total HCR Signal.tif,1.064,50.000,41,62,179.184,220.630,53.222,350
183,vms20_3a_F1_L1_Dapi-gad1b-chGFP488-vglut2-rbRFP594-syt11b-B3-647_3D_Total HCR Signal.tif,14.750,65.052,40,129,214.850,222.730,959.523,6310
184,vms20_3a_F1_L1_Dapi-gad1b-chGFP488-vglut2-rbRFP594-syt11b-B3-647_3D_Total HCR Signal.tif,0.912,47.000,41,61,227.213,220.454,42.882,282
185,vms20_3a_F1_L1_Dapi-gad1b-chGFP488-vglut2-rbRFP594-syt11b-B3-647_3D_Total HCR Signal.tif,0.152,42.000,42,42,116.401,220.519,6.387,42
186,vms20_3a_F1_L1_Dapi-gad1b-chGFP488-vglut2-rbRFP594-syt11b-B3-647_3D_Total HCR Signal.tif,2.737,61.778,41,107,167.962,221.797,169.095,1112
187,vms20_3a_F1_L1_Dapi-gad1b-chGFP488-vglut2-rbRFP594-syt11b-B3-647_3D_Total HCR Signal.tif,0.304,43.500,40,47,217.594,221.104,13.230,87
188,vms20_3a_F1_L1_Dapi-gad1b-chGFP488-vglut2-rbRFP594-syt11b-B3-647_3D_Total HCR Signal.tif,0.152,45.000,45,45,176.064,221.299,6.843,45
189,vms20_3a_F1_L1_Dapi-gad1b-chGFP488-vglut2-rbRFP594-syt11b-B3-647_3D_Total HCR Signal.tif,0.456,49.667,40,68,219.349,221.689,22.658,149
190,vms20_3a_F1_L1_Dapi-gad1b-chGFP488-vglut2-rbRFP594-syt11b-B3-647_3D_Total HCR Signal.tif,1.521,49.100,42,68,170.293,222.391,74.663,491
191,vms20_3a_F1_L1_Dapi-gad1b-chGFP488-vglut2-rbRFP594-syt11b-B3-647_3D_Total HCR Signal.tif,0.304,41.000,40,42,175.089,221.689,12.469,82
192,vms20_3a_F1_L1_Dapi-gad1b-chGFP488-vglut2-rbRFP594-syt11b-B3-647_3D_Total HCR Signal.tif,6.843,52.400,40,80,179.123,223.066,358.566,2358
193,vms20_3a_F1_L1_Dapi-gad1b-chGFP488-vglut2-rbRFP594-syt11b-B3-647_3D_Total HCR Signal.tif,2.433,51.250,40,78,218.715,223.005,124.692,820
194,vms20_3a_F1_L1_Dapi-gad1b-chGFP488-vglut2-rbRFP594-syt11b-B3-647_3D_Total HCR Signal.tif,0.456,57.667,51,61,221.299,222.858,26.307,173
195,vms20_3a_F1_L1_Dapi-gad1b-chGFP488-vglut2-rbRFP594-syt11b-B3-647_3D_Total HCR Signal.tif,0.304,43.500,43,44,225.978,223.053,13.230,87
196,vms20_3a_F1_L1_Dapi-gad1b-chGFP488-vglut2-rbRFP594-syt11b-B3-647_3D_Total HCR Signal.tif,0.304,41.000,41,41,226.758,223.053,12.469,82
197,vms20_3a_F1_L1_Dapi-gad1b-chGFP488-vglut2-rbRFP594-syt11b-B3-647_3D_Total HCR Signal.tif,1.217,47.500,40,57,167.875,223.980,57.784,380
198,vms20_3a_F1_L1_Dapi-gad1b-chGFP488-vglut2-rbRFP594-syt11b-B3-647_3D_Total HCR Signal.tif,3.954,51.500,40,85,170.380,224.853,203.613,1339
199,vms20_3a_F1_L1_Dapi-gad1b-chGFP488-vglut2-rbRFP594-syt11b-B3-647_3D_Total HCR Signal.tif,0.760,47.200,42,58,183.395,223.872,35.887,236
200,vms20_3a_F1_L1_Dapi-gad1b-chGFP488-vglut2-rbRFP594-syt11b-B3-647_3D_Total HCR Signal.tif,0.152,47.000,47,47,220.519,224.418,7.147,47
201,vms20_3a_F1_L1_Dapi-gad1b-chGFP488-vglut2-rbRFP594-syt11b-B3-647_3D_Total HCR Signal.tif,2.129,47.357,40,67,179.880,225.755,100.818,663
202,vms20_3a_F1_L1_Dapi-gad1b-chGFP488-vglut2-rbRFP594-syt11b-B3-647_3D_Total HCR Signal.tif,0.152,52.000,52,52,181.133,224.808,7.907,52
203,vms20_3a_F1_L1_Dapi-gad1b-chGFP488-vglut2-rbRFP594-syt11b-B3-647_3D_Total HCR Signal.tif,0.760,46.200,41,55,164.287,225.510,35.127,231
204,vms20_3a_F1_L1_Dapi-gad1b-chGFP488-vglut2-rbRFP594-syt11b-B3-647_3D_Total HCR Signal.tif,0.304,44.500,43,46,220.324,225.393,13.534,89
205,vms20_3a_F1_L1_Dapi-gad1b-chGFP488-vglut2-rbRFP594-syt11b-B3-647_3D_Total HCR Signal.tif,0.152,40.000,40,40,229.098,225.198,6.083,40
206,vms20_3a_F1_L1_Dapi-gad1b-chGFP488-vglut2-rbRFP594-syt11b-B3-647_3D_Total HCR Signal.tif,1.064,47.571,40,59,176.287,225.867,50.637,333
207,vms20_3a_F1_L1_Dapi-gad1b-chGFP488-vglut2-rbRFP594-syt11b-B3-647_3D_Total HCR Signal.tif,5.322,59.943,41,87,219.293,228.240,319.030,2098
208,vms20_3a_F1_L1_Dapi-gad1b-chGFP488-vglut2-rbRFP594-syt11b-B3-647_3D_Total HCR Signal.tif,0.152,45.000,45,45,230.268,227.148,6.843,45
209,vms20_3a_F1_L1_Dapi-gad1b-chGFP488-vglut2-rbRFP594-syt11b-B3-647_3D_Total HCR Signal.tif,0.912,47.833,42,63,162.871,227.993,43.642,287
210,vms20_3a_F1_L1_Dapi-gad1b-chGFP488-vglut2-rbRFP594-syt11b-B3-647_3D_Total HCR Signal.tif,0.608,46.250,43,50,164.658,227.830,28.132,185
211,vms20_3a_F1_L1_Dapi-gad1b-chGFP488-vglut2-rbRFP594-syt11b-B3-647_3D_Total HCR Signal.tif,1.521,51.100,41,67,177.975,228.123,77.705,511
212,vms20_3a_F1_L1_Dapi-gad1b-chGFP488-vglut2-rbRFP594-syt11b-B3-647_3D_Total HCR Signal.tif,1.217,48.250,40,60,166.266,228.367,58.697,386
213,vms20_3a_F1_L1_Dapi-gad1b-chGFP488-vglut2-rbRFP594-syt11b-B3-647_3D_Total HCR Signal.tif,6.691,50.705,40,83,174.318,228.974,339.254,2231
214,vms20_3a_F1_L1_Dapi-gad1b-chGFP488-vglut2-rbRFP594-syt11b-B3-647_3D_Total HCR Signal.tif,0.304,43.000,40,46,167.875,228.513,13.077,86
215,vms20_3a_F1_L1_Dapi-gad1b-chGFP488-vglut2-rbRFP594-syt11b-B3-647_3D_Total HCR Signal.tif,0.152,51.000,51,51,216.229,228.318,7.755,51
216,vms20_3a_F1_L1_Dapi-gad1b-chGFP488-vglut2-rbRFP594-syt11b-B3-647_3D_Total HCR Signal.tif,0.912,50.167,42,56,222.274,229.423,45.771,301
217,vms20_3a_F1_L1_Dapi-gad1b-chGFP488-vglut2-rbRFP594-syt11b-B3-647_3D_Total HCR Signal.tif,3.345,48.773,41,65,163.656,230.090,163.164,1073
218,vms20_3a_F1_L1_Dapi-gad1b-chGFP488-vglut2-rbRFP594-syt11b-B3-647_3D_Total HCR Signal.tif,2.889,51.316,41,79,180.292,229.652,148.262,975
219,vms20_3a_F1_L1_Dapi-gad1b-chGFP488-vglut2-rbRFP594-syt11b-B3-647_3D_Total HCR Signal.tif,0.456,44.667,40,54,215.059,229.878,20.377,134
220,vms20_3a_F1_L1_Dapi-gad1b-chGFP488-vglut2-rbRFP594-syt11b-B3-647_3D_Total HCR Signal.tif,0.304,52.500,50,55,220.129,230.073,15.967,105
221,vms20_3a_F1_L1_Dapi-gad1b-chGFP488-vglut2-rbRFP594-syt11b-B3-647_3D_Total HCR Signal.tif,0.456,44.000,43,46,166.965,230.398,20.072,132
222,vms20_3a_F1_L1_Dapi-gad1b-chGFP488-vglut2-rbRFP594-syt11b-B3-647_3D_Total HCR Signal.tif,0.456,44.000,42,46,218.959,230.268,20.072,132
223,vms20_3a_F1_L1_Dapi-gad1b-chGFP488-vglut2-rbRFP594-syt11b-B3-647_3D_Total HCR Signal.tif,1.369,50.000,41,55,165.882,231.351,68.429,450
224,vms20_3a_F1_L1_Dapi-gad1b-chGFP488-vglut2-rbRFP594-syt11b-B3-647_3D_Total HCR Signal.tif,1.064,50.286,40,61,217.121,232.050,53.526,352
225,vms20_3a_F1_L1_Dapi-gad1b-chGFP488-vglut2-rbRFP594-syt11b-B3-647_3D_Total HCR Signal.tif,0.152,44.000,44,44,162.806,232.217,6.691,44
226,vms20_3a_F1_L1_Dapi-gad1b-chGFP488-vglut2-rbRFP594-syt11b-B3-647_3D_Total HCR Signal.tif,0.152,41.000,41,41,214.669,232.217,6.235,41
227,vms20_3a_F1_L1_Dapi-gad1b-chGFP488-vglut2-rbRFP594-syt11b-B3-647_3D_Total HCR Signal.tif,0.760,41.400,40,44,302.097,232.373,31.477,207
228,vms20_3a_F1_L1_Dapi-gad1b-chGFP488-vglut2-rbRFP594-syt11b-B3-647_3D_Total HCR Signal.tif,0.608,44.500,43,48,212.817,232.900,27.067,178
229,vms20_3a_F1_L1_Dapi-gad1b-chGFP488-vglut2-rbRFP594-syt11b-B3-647_3D_Total HCR Signal.tif,0.152,40.000,40,40,161.636,232.997,6.083,40
230,vms20_3a_F1_L1_Dapi-gad1b-chGFP488-vglut2-rbRFP594-syt11b-B3-647_3D_Total HCR Signal.tif,0.152,40.000,40,40,214.280,233.387,6.083,40
231,vms20_3a_F1_L1_Dapi-gad1b-chGFP488-vglut2-rbRFP594-syt11b-B3-647_3D_Total HCR Signal.tif,0.152,41.000,41,41,216.229,233.387,6.235,41
232,vms20_3a_F1_L1_Dapi-gad1b-chGFP488-vglut2-rbRFP594-syt11b-B3-647_3D_Total HCR Signal.tif,5.626,53.649,40,81,217.136,235.622,301.847,1985
233,vms20_3a_F1_L1_Dapi-gad1b-chGFP488-vglut2-rbRFP594-syt11b-B3-647_3D_Total HCR Signal.tif,0.760,49.800,44,62,168.577,234.011,37.864,249
234,vms20_3a_F1_L1_Dapi-gad1b-chGFP488-vglut2-rbRFP594-syt11b-B3-647_3D_Total HCR Signal.tif,0.304,49.000,41,57,157.541,234.947,14.902,98
235,vms20_3a_F1_L1_Dapi-gad1b-chGFP488-vglut2-rbRFP594-syt11b-B3-647_3D_Total HCR Signal.tif,0.152,42.000,42,42,262.244,234.947,6.387,42
236,vms20_3a_F1_L1_Dapi-gad1b-chGFP488-vglut2-rbRFP594-syt11b-B3-647_3D_Total HCR Signal.tif,0.152,54.000,54,54,162.806,236.117,8.211,54
237,vms20_3a_F1_L1_Dapi-gad1b-chGFP488-vglut2-rbRFP594-syt11b-B3-647_3D_Total HCR Signal.tif,0.608,48.250,43,55,197.122,237.092,29.348,193
238,vms20_3a_F1_L1_Dapi-gad1b-chGFP488-vglut2-rbRFP594-syt11b-B3-647_3D_Total HCR Signal.tif,0.912,50.500,40,75,220.194,237.352,46.075,303
239,vms20_3a_F1_L1_Dapi-gad1b-chGFP488-vglut2-rbRFP594-syt11b-B3-647_3D_Total HCR Signal.tif,0.152,44.000,44,44,165.145,237.287,6.691,44
240,vms20_3a_F1_L1_Dapi-gad1b-chGFP488-vglut2-rbRFP594-syt11b-B3-647_3D_Total HCR Signal.tif,0.152,40.000,40,40,228.318,238.067,6.083,40
241,vms20_3a_F1_L1_Dapi-gad1b-chGFP488-vglut2-rbRFP594-syt11b-B3-647_3D_Total HCR Signal.tif,0.152,41.000,41,41,229.098,238.067,6.235,41
242,vms20_3a_F1_L1_Dapi-gad1b-chGFP488-vglut2-rbRFP594-syt11b-B3-647_3D_Total HCR Signal.tif,1.217,52.250,47,57,230.316,238.408,63.563,418
243,vms20_3a_F1_L1_Dapi-gad1b-chGFP488-vglut2-rbRFP594-syt11b-B3-647_3D_Total HCR Signal.tif,2.129,53.929,40,88,228.624,240.156,114.808,755
244,vms20_3a_F1_L1_Dapi-gad1b-chGFP488-vglut2-rbRFP594-syt11b-B3-647_3D_Total HCR Signal.tif,0.304,42.500,41,44,177.039,239.821,12.925,85
245,vms20_3a_F1_L1_Dapi-gad1b-chGFP488-vglut2-rbRFP594-syt11b-B3-647_3D_Total HCR Signal.tif,0.152,43.000,43,43,176.454,240.796,6.539,43
246,vms20_3a_F1_L1_Dapi-gad1b-chGFP488-vglut2-rbRFP594-syt11b-B3-647_3D_Total HCR Signal.tif,0.152,42.000,42,42,177.624,241.186,6.387,42
247,vms20_3a_F1_L1_Dapi-gad1b-chGFP488-vglut2-rbRFP594-syt11b-B3-647_3D_Total HCR Signal.tif,107.205,67.644,40,160,172.677,253.506,7251.772,47689
248,vms20_3a_F1_L1_Dapi-gad1b-chGFP488-vglut2-rbRFP594-syt11b-B3-647_3D_Total HCR Signal.tif,0.760,48.200,41,57,178.872,242.122,36.647,241
249,vms20_3a_F1_L1_Dapi-gad1b-chGFP488-vglut2-rbRFP594-syt11b-B3-647_3D_Total HCR Signal.tif,0.760,44.800,42,49,202.581,242.434,34.062,224
250,vms20_3a_F1_L1_Dapi-gad1b-chGFP488-vglut2-rbRFP594-syt11b-B3-647_3D_Total HCR Signal.tif,93.215,62.869,40,171,223.337,250.810,5860.388,38539
251,vms20_3a_F1_L1_Dapi-gad1b-chGFP488-vglut2-rbRFP594-syt11b-B3-647_3D_Total HCR Signal.tif,0.304,43.000,40,46,229.683,242.551,13.077,86
252,vms20_3a_F1_L1_Dapi-gad1b-chGFP488-vglut2-rbRFP594-syt11b-B3-647_3D_Total HCR Signal.tif,0.304,46.000,45,47,143.308,242.941,13.990,92
253,vms20_3a_F1_L1_Dapi-gad1b-chGFP488-vglut2-rbRFP594-syt11b-B3-647_3D_Total HCR Signal.tif,8.211,49.056,40,68,178.462,245.404,402.817,2649
254,vms20_3a_F1_L1_Dapi-gad1b-chGFP488-vglut2-rbRFP594-syt11b-B3-647_3D_Total HCR Signal.tif,0.152,42.000,42,42,216.229,243.136,6.387,42
255,vms20_3a_F1_L1_Dapi-gad1b-chGFP488-vglut2-rbRFP594-syt11b-B3-647_3D_Total HCR Signal.tif,0.760,45.000,40,49,231.359,243.448,34.214,225
256,vms20_3a_F1_L1_Dapi-gad1b-chGFP488-vglut2-rbRFP594-syt11b-B3-647_3D_Total HCR Signal.tif,0.456,48.000,42,59,171.775,243.526,21.897,144
257,vms20_3a_F1_L1_Dapi-gad1b-chGFP488-vglut2-rbRFP594-syt11b-B3-647_3D_Total HCR Signal.tif,0.304,43.500,40,47,202.776,243.916,13.230,87
258,vms20_3a_F1_L1_Dapi-gad1b-chGFP488-vglut2-rbRFP594-syt11b-B3-647_3D_Total HCR Signal.tif,0.152,47.000,47,47,234.557,243.916,7.147,47
259,vms20_3a_F1_L1_Dapi-gad1b-chGFP488-vglut2-rbRFP594-syt11b-B3-647_3D_Total HCR Signal.tif,0.456,43.333,40,50,243.656,244.566,19.768,130
260,vms20_3a_F1_L1_Dapi-gad1b-chGFP488-vglut2-rbRFP594-syt11b-B3-647_3D_Total HCR Signal.tif,0.304,40.000,40,40,212.135,244.696,12.165,80
261,vms20_3a_F1_L1_Dapi-gad1b-chGFP488-vglut2-rbRFP594-syt11b-B3-647_3D_Total HCR Signal.tif,0.608,55.000,43,81,247.523,244.793,33.454,220
262,vms20_3a_F1_L1_Dapi-gad1b-chGFP488-vglut2-rbRFP594-syt11b-B3-647_3D_Total HCR Signal.tif,0.152,42.000,42,42,139.798,245.086,6.387,42
263,vms20_3a_F1_L1_Dapi-gad1b-chGFP488-vglut2-rbRFP594-syt11b-B3-647_3D_Total HCR Signal.tif,1.977,52.385,40,65,234.587,245.716,103.555,681
264,vms20_3a_F1_L1_Dapi-gad1b-chGFP488-vglut2-rbRFP594-syt11b-B3-647_3D_Total HCR Signal.tif,4.106,59.630,41,116,217.312,247.064,244.823,1610
265,vms20_3a_F1_L1_Dapi-gad1b-chGFP488-vglut2-rbRFP594-syt11b-B3-647_3D_Total HCR Signal.tif,0.152,40.000,40,40,212.330,245.866,6.083,40
266,vms20_3a_F1_L1_Dapi-gad1b-chGFP488-vglut2-rbRFP594-syt11b-B3-647_3D_Total HCR Signal.tif,7.603,54.880,42,77,257.237,247.129,417.263,2744
267,vms20_3a_F1_L1_Dapi-gad1b-chGFP488-vglut2-rbRFP594-syt11b-B3-647_3D_Total HCR Signal.tif,0.152,40.000,40,40,174.504,246.256,6.083,40
268,vms20_3a_F1_L1_Dapi-gad1b-chGFP488-vglut2-rbRFP594-syt11b-B3-647_3D_Total HCR Signal.tif,1.217,49.125,41,65,242.649,246.743,59.761,393
269,vms20_3a_F1_L1_Dapi-gad1b-chGFP488-vglut2-rbRFP594-syt11b-B3-647_3D_Total HCR Signal.tif,2.129,51.500,40,75,249.598,247.203,109.638,721
270,vms20_3a_F1_L1_Dapi-gad1b-chGFP488-vglut2-rbRFP594-syt11b-B3-647_3D_Total HCR Signal.tif,0.456,46.333,44,49,168.525,246.776,21.137,139
271,vms20_3a_F1_L1_Dapi-gad1b-chGFP488-vglut2-rbRFP594-syt11b-B3-647_3D_Total HCR Signal.tif,1.673,50.364,41,71,176.064,247.567,84.243,554
272,vms20_3a_F1_L1_Dapi-gad1b-chGFP488-vglut2-rbRFP594-syt11b-B3-647_3D_Total HCR Signal.tif,0.760,45.200,42,47,240.874,247.036,34.366,226
273,vms20_3a_F1_L1_Dapi-gad1b-chGFP488-vglut2-rbRFP594-syt11b-B3-647_3D_Total HCR Signal.tif,0.152,43.000,43,43,181.523,247.036,6.539,43
274,vms20_3a_F1_L1_Dapi-gad1b-chGFP488-vglut2-rbRFP594-syt11b-B3-647_3D_Total HCR Signal.tif,0.456,43.000,41,44,233.257,247.296,19.616,129
275,vms20_3a_F1_L1_Dapi-gad1b-chGFP488-vglut2-rbRFP594-syt11b-B3-647_3D_Total HCR Signal.tif,0.152,41.000,41,41,245.476,247.036,6.235,41
276,vms20_3a_F1_L1_Dapi-gad1b-chGFP488-vglut2-rbRFP594-syt11b-B3-647_3D_Total HCR Signal.tif,0.152,46.000,46,46,199.071,248.595,6.995,46
277,vms20_3a_F1_L1_Dapi-gad1b-chGFP488-vglut2-rbRFP594-syt11b-B3-647_3D_Total HCR Signal.tif,0.608,44.750,43,47,218.277,248.790,27.219,179
278,vms20_3a_F1_L1_Dapi-gad1b-chGFP488-vglut2-rbRFP594-syt11b-B3-647_3D_Total HCR Signal.tif,1.369,52.556,44,68,244.913,249.462,71.926,473
279,vms20_3a_F1_L1_Dapi-gad1b-chGFP488-vglut2-rbRFP594-syt11b-B3-647_3D_Total HCR Signal.tif,3.041,53.750,40,92,249.453,250.194,163.469,1075
280,vms20_3a_F1_L1_Dapi-gad1b-chGFP488-vglut2-rbRFP594-syt11b-B3-647_3D_Total HCR Signal.tif,0.152,40.000,40,40,251.325,249.375,6.083,40
281,vms20_3a_F1_L1_Dapi-gad1b-chGFP488-vglut2-rbRFP594-syt11b-B3-647_3D_Total HCR Signal.tif,12.621,61.819,40,135,256.822,252.645,780.239,5131
282,vms20_3a_F1_L1_Dapi-gad1b-chGFP488-vglut2-rbRFP594-syt11b-B3-647_3D_Total HCR Signal.tif,0.152,44.000,44,44,78.966,249.765,6.691,44
283,vms20_3a_F1_L1_Dapi-gad1b-chGFP488-vglut2-rbRFP594-syt11b-B3-647_3D_Total HCR Signal.tif,0.304,46.000,42,50,217.204,249.765,13.990,92
284,vms20_3a_F1_L1_Dapi-gad1b-chGFP488-vglut2-rbRFP594-syt11b-B3-647_3D_Total HCR Signal.tif,0.152,42.000,42,42,219.349,249.765,6.387,42
285,vms20_3a_F1_L1_Dapi-gad1b-chGFP488-vglut2-rbRFP594-syt11b-B3-647_3D_Total HCR Signal.tif,0.456,51.000,44,63,252.885,250.025,23.266,153
286,vms20_3a_F1_L1_Dapi-gad1b-chGFP488-vglut2-rbRFP594-syt11b-B3-647_3D_Total HCR Signal.tif,1.369,43.444,40,48,129.010,250.805,59.457,391
287,vms20_3a_F1_L1_Dapi-gad1b-chGFP488-vglut2-rbRFP594-syt11b-B3-647_3D_Total HCR Signal.tif,0.152,43.000,43,43,176.454,250.935,6.539,43
288,vms20_3a_F1_L1_Dapi-gad1b-chGFP488-vglut2-rbRFP594-syt11b-B3-647_3D_Total HCR Signal.tif,0.152,52.000,52,52,178.404,250.935,7.907,52
289,vms20_3a_F1_L1_Dapi-gad1b-chGFP488-vglut2-rbRFP594-syt11b-B3-647_3D_Total HCR Signal.tif,0.152,43.000,43,43,127.320,251.325,6.539,43
290,vms20_3a_F1_L1_Dapi-gad1b-chGFP488-vglut2-rbRFP594-syt11b-B3-647_3D_Total HCR Signal.tif,0.152,50.000,50,50,309.818,251.325,7.603,50
291,vms20_3a_F1_L1_Dapi-gad1b-chGFP488-vglut2-rbRFP594-syt11b-B3-647_3D_Total HCR Signal.tif,1.825,62.083,40,96,254.477,252.300,113.288,745
292,vms20_3a_F1_L1_Dapi-gad1b-chGFP488-vglut2-rbRFP594-syt11b-B3-647_3D_Total HCR Signal.tif,4.714,62.129,40,124,128.855,253.564,292.875,1926
293,vms20_3a_F1_L1_Dapi-gad1b-chGFP488-vglut2-rbRFP594-syt11b-B3-647_3D_Total HCR Signal.tif,0.304,47.500,47,48,233.192,252.885,14.446,95
294,vms20_3a_F1_L1_Dapi-gad1b-chGFP488-vglut2-rbRFP594-syt11b-B3-647_3D_Total HCR Signal.tif,0.152,41.000,41,41,226.758,253.275,6.235,41
295,vms20_3a_F1_L1_Dapi-gad1b-chGFP488-vglut2-rbRFP594-syt11b-B3-647_3D_Total HCR Signal.tif,0.152,42.000,42,42,227.538,253.275,6.387,42
296,vms20_3a_F1_L1_Dapi-gad1b-chGFP488-vglut2-rbRFP594-syt11b-B3-647_3D_Total HCR Signal.tif,1.521,51.700,41,78,123.303,254.523,78.617,517
297,vms20_3a_F1_L1_Dapi-gad1b-chGFP488-vglut2-rbRFP594-syt11b-B3-647_3D_Total HCR Signal.tif,1.521,50.100,40,64,228.552,254.601,76.184,501
298,vms20_3a_F1_L1_Dapi-gad1b-chGFP488-vglut2-rbRFP594-syt11b-B3-647_3D_Total HCR Signal.tif,0.152,40.000,40,40,129.660,254.835,6.083,40
299,vms20_3a_F1_L1_Dapi-gad1b-chGFP488-vglut2-rbRFP594-syt11b-B3-647_3D_Total HCR Signal.tif,0.760,42.000,41,43,131.141,254.991,31.933,210
300,vms20_3a_F1_L1_Dapi-gad1b-chGFP488-vglut2-rbRFP594-syt11b-B3-647_3D_Total HCR Signal.tif,1.369,54.333,41,64,148.291,255.441,74.359,489
301,vms20_3a_F1_L1_Dapi-gad1b-chGFP488-vglut2-rbRFP594-syt11b-B3-647_3D_Total HCR Signal.tif,0.912,57.167,50,69,151.107,255.420,52.158,343
302,vms20_3a_F1_L1_Dapi-gad1b-chGFP488-vglut2-rbRFP594-syt11b-B3-647_3D_Total HCR Signal.tif,0.152,49.000,49,49,178.794,255.225,7.451,49
303,vms20_3a_F1_L1_Dapi-gad1b-chGFP488-vglut2-rbRFP594-syt11b-B3-647_3D_Total HCR Signal.tif,0.152,45.000,45,45,127.320,255.615,6.843,45
304,vms20_3a_F1_L1_Dapi-gad1b-chGFP488-vglut2-rbRFP594-syt11b-B3-647_3D_Total HCR Signal.tif,0.760,46.800,41,55,133.091,256.005,35.583,234
305,vms20_3a_F1_L1_Dapi-gad1b-chGFP488-vglut2-rbRFP594-syt11b-B3-647_3D_Total HCR Signal.tif,1.369,50.667,40,66,167.138,256.698,69.341,456
306,vms20_3a_F1_L1_Dapi-gad1b-chGFP488-vglut2-rbRFP594-syt11b-B3-647_3D_Total HCR Signal.tif,1.064,44.286,40,54,122.250,256.729,47.140,310
307,vms20_3a_F1_L1_Dapi-gad1b-chGFP488-vglut2-rbRFP594-syt11b-B3-647_3D_Total HCR Signal.tif,0.152,43.000,43,43,229.878,256.395,6.539,43
308,vms20_3a_F1_L1_Dapi-gad1b-chGFP488-vglut2-rbRFP594-syt11b-B3-647_3D_Total HCR Signal.tif,0.456,44.000,42,46,149.677,257.434,20.072,132
309,vms20_3a_F1_L1_Dapi-gad1b-chGFP488-vglut2-rbRFP594-syt11b-B3-647_3D_Total HCR Signal.tif,1.673,58.818,41,81,227.396,257.635,98.385,647
310,vms20_3a_F1_L1_Dapi-gad1b-chGFP488-vglut2-rbRFP594-syt11b-B3-647_3D_Total HCR Signal.tif,0.304,52.000,40,64,229.683,257.174,15.815,104
311,vms20_3a_F1_L1_Dapi-gad1b-chGFP488-vglut2-rbRFP594-syt11b-B3-647_3D_Total HCR Signal.tif,0.304,55.000,47,63,249.960,257.174,16.727,110
312,vms20_3a_F1_L1_Dapi-gad1b-chGFP488-vglut2-rbRFP594-syt11b-B3-647_3D_Total HCR Signal.tif,0.152,43.000,43,43,148.377,257.564,6.539,43
313,vms20_3a_F1_L1_Dapi-gad1b-chGFP488-vglut2-rbRFP594-syt11b-B3-647_3D_Total HCR Signal.tif,0.152,53.000,53,53,164.755,257.564,8.059,53
314,vms20_3a_F1_L1_Dapi-gad1b-chGFP488-vglut2-rbRFP594-syt11b-B3-647_3D_Total HCR Signal.tif,0.304,47.000,42,52,119.326,258.539,14.294,94
315,vms20_3a_F1_L1_Dapi-gad1b-chGFP488-vglut2-rbRFP594-syt11b-B3-647_3D_Total HCR Signal.tif,1.521,54.100,43,70,123.420,258.890,82.267,541
316,vms20_3a_F1_L1_Dapi-gad1b-chGFP488-vglut2-rbRFP594-syt11b-B3-647_3D_Total HCR Signal.tif,0.152,41.000,41,41,126.930,258.734,6.235,41
317,vms20_3a_F1_L1_Dapi-gad1b-chGFP488-vglut2-rbRFP594-syt11b-B3-647_3D_Total HCR Signal.tif,0.152,48.000,48,48,129.660,258.734,7.299,48
318,vms20_3a_F1_L1_Dapi-gad1b-chGFP488-vglut2-rbRFP594-syt11b-B3-647_3D_Total HCR Signal.tif,14.750,51.155,40,98,141.752,262.489,754.541,4962
319,vms20_3a_F1_L1_Dapi-gad1b-chGFP488-vglut2-rbRFP594-syt11b-B3-647_3D_Total HCR Signal.tif,2.281,52.733,40,85,226.628,259.644,120.282,791
320,vms20_3a_F1_L1_Dapi-gad1b-chGFP488-vglut2-rbRFP594-syt11b-B3-647_3D_Total HCR Signal.tif,0.304,41.500,41,42,76.821,259.124,12.621,83
321,vms20_3a_F1_L1_Dapi-gad1b-chGFP488-vglut2-rbRFP594-syt11b-B3-647_3D_Total HCR Signal.tif,0.608,51.000,44,56,133.364,259.319,31.021,204
322,vms20_3a_F1_L1_Dapi-gad1b-chGFP488-vglut2-rbRFP594-syt11b-B3-647_3D_Total HCR Signal.tif,0.152,47.000,47,47,257.174,259.124,7.147,47
323,vms20_3a_F1_L1_Dapi-gad1b-chGFP488-vglut2-rbRFP594-syt11b-B3-647_3D_Total HCR Signal.tif,13.534,51.506,40,76,131.771,262.139,697.061,4584
324,vms20_3a_F1_L1_Dapi-gad1b-chGFP488-vglut2-rbRFP594-syt11b-B3-647_3D_Total HCR Signal.tif,2.281,60.200,40,93,136.159,260.060,137.314,903
325,vms20_3a_F1_L1_Dapi-gad1b-chGFP488-vglut2-rbRFP594-syt11b-B3-647_3D_Total HCR Signal.tif,0.152,47.000,47,47,138.629,259.514,7.147,47
326,vms20_3a_F1_L1_Dapi-gad1b-chGFP488-vglut2-rbRFP594-syt11b-B3-647_3D_Total HCR Signal.tif,0.152,46.000,46,46,141.358,259.514,6.995,46
327,vms20_3a_F1_L1_Dapi-gad1b-chGFP488-vglut2-rbRFP594-syt11b-B3-647_3D_Total HCR Signal.tif,67.973,65.168,40,155,256.804,265.167,4429.619,29130
328,vms20_3a_F1_L1_Dapi-gad1b-chGFP488-vglut2-rbRFP594-syt11b-B3-647_3D_Total HCR Signal.tif,1.064,46.571,40,54,139.353,260.684,49.573,326
329,vms20_3a_F1_L1_Dapi-gad1b-chGFP488-vglut2-rbRFP594-syt11b-B3-647_3D_Total HCR Signal.tif,3.802,51.040,40,75,248.112,261.729,194.033,1276
330,vms20_3a_F1_L1_Dapi-gad1b-chGFP488-vglut2-rbRFP594-syt11b-B3-647_3D_Total HCR Signal.tif,0.304,41.500,41,42,136.094,261.659,12.621,83
331,vms20_3a_F1_L1_Dapi-gad1b-chGFP488-vglut2-rbRFP594-syt11b-B3-647_3D_Total HCR Signal.tif,3.345,48.409,40,85,129.465,262.368,161.948,1065
332,vms20_3a_F1_L1_Dapi-gad1b-chGFP488-vglut2-rbRFP594-syt11b-B3-647_3D_Total HCR Signal.tif,0.760,48.600,41,63,263.726,262.088,36.952,243
333,vms20_3a_F1_L1_Dapi-gad1b-chGFP488-vglut2-rbRFP594-syt11b-B3-647_3D_Total HCR Signal.tif,1.977,49.154,40,67,327.846,262.514,97.169,639
334,vms20_3a_F1_L1_Dapi-gad1b-chGFP488-vglut2-rbRFP594-syt11b-B3-647_3D_Total HCR Signal.tif,0.152,40.000,40,40,131.609,262.244,6.083,40
335,vms20_3a_F1_L1_Dapi-gad1b-chGFP488-vglut2-rbRFP594-syt11b-B3-647_3D_Total HCR Signal.tif,0.456,56.667,43,72,248.335,263.544,25.851,170
336,vms20_3a_F1_L1_Dapi-gad1b-chGFP488-vglut2-rbRFP594-syt11b-B3-647_3D_Total HCR Signal.tif,0.152,40.000,40,40,246.256,264.194,6.083,40
337,vms20_3a_F1_L1_Dapi-gad1b-chGFP488-vglut2-rbRFP594-syt11b-B3-647_3D_Total HCR Signal.tif,0.152,40.000,40,40,250.155,265.753,6.083,40
338,vms20_3a_F1_L1_Dapi-gad1b-chGFP488-vglut2-rbRFP594-syt11b-B3-647_3D_Total HCR Signal.tif,0.152,49.000,49,49,246.256,268.093,7.451,49
339,vms20_3a_F1_L1_Dapi-gad1b-chGFP488-vglut2-rbRFP594-syt11b-B3-647_3D_Total HCR Signal.tif,0.760,45.800,41,51,230.190,269.887,34.823,229
340,vms20_3a_F1_L1_Dapi-gad1b-chGFP488-vglut2-rbRFP594-syt11b-B3-647_3D_Total HCR Signal.tif,3.650,56.542,40,77,124.753,271.668,206.351,1357
341,vms20_3a_F1_L1_Dapi-gad1b-chGFP488-vglut2-rbRFP594-syt11b-B3-647_3D_Total HCR Signal.tif,3.650,52.833,40,73,145.940,272.253,192.817,1268
342,vms20_3a_F1_L1_Dapi-gad1b-chGFP488-vglut2-rbRFP594-syt11b-B3-647_3D_Total HCR Signal.tif,0.608,48.250,46,51,122.348,271.895,29.348,193
343,vms20_3a_F1_L1_Dapi-gad1b-chGFP488-vglut2-rbRFP594-syt11b-B3-647_3D_Total HCR Signal.tif,0.152,44.000,44,44,127.320,272.383,6.691,44
344,vms20_3a_F1_L1_Dapi-gad1b-chGFP488-vglut2-rbRFP594-syt11b-B3-647_3D_Total HCR Signal.tif,13.838,60.011,40,112,125.559,275.986,830.421,5461
345,vms20_3a_F1_L1_Dapi-gad1b-chGFP488-vglut2-rbRFP594-syt11b-B3-647_3D_Total HCR Signal.tif,0.608,50.750,43,62,147.402,273.845,30.869,203
346,vms20_3a_F1_L1_Dapi-gad1b-chGFP488-vglut2-rbRFP594-syt11b-B3-647_3D_Total HCR Signal.tif,0.912,49.667,40,63,123.550,274.332,45.315,298
347,vms20_3a_F1_L1_Dapi-gad1b-chGFP488-vglut2-rbRFP594-syt11b-B3-647_3D_Total HCR Signal.tif,4.410,52.103,40,77,144.290,275.341,229.768,1511
348,vms20_3a_F1_L1_Dapi-gad1b-chGFP488-vglut2-rbRFP594-syt11b-B3-647_3D_Total HCR Signal.tif,1.977,52.769,40,79,274.512,274.842,104.316,686
349,vms20_3a_F1_L1_Dapi-gad1b-chGFP488-vglut2-rbRFP594-syt11b-B3-647_3D_Total HCR Signal.tif,0.608,48.000,40,56,319.372,274.917,29.196,192
350,vms20_3a_F1_L1_Dapi-gad1b-chGFP488-vglut2-rbRFP594-syt11b-B3-647_3D_Total HCR Signal.tif,0.608,53.000,44,63,122.055,275.307,32.238,212
351,vms20_3a_F1_L1_Dapi-gad1b-chGFP488-vglut2-rbRFP594-syt11b-B3-647_3D_Total HCR Signal.tif,1.064,54.857,42,69,146.762,275.781,58.393,384
352,vms20_3a_F1_L1_Dapi-gad1b-chGFP488-vglut2-rbRFP594-syt11b-B3-647_3D_Total HCR Signal.tif,0.152,44.000,44,44,159.686,275.892,6.691,44
353,vms20_3a_F1_L1_Dapi-gad1b-chGFP488-vglut2-rbRFP594-syt11b-B3-647_3D_Total HCR Signal.tif,0.912,54.000,40,78,323.272,276.672,49.269,324
354,vms20_3a_F1_L1_Dapi-gad1b-chGFP488-vglut2-rbRFP594-syt11b-B3-647_3D_Total HCR Signal.tif,0.152,40.000,40,40,84.035,277.062,6.083,40
355,vms20_3a_F1_L1_Dapi-gad1b-chGFP488-vglut2-rbRFP594-syt11b-B3-647_3D_Total HCR Signal.tif,1.825,48.167,41,57,143.275,277.907,87.893,578
356,vms20_3a_F1_L1_Dapi-gad1b-chGFP488-vglut2-rbRFP594-syt11b-B3-647_3D_Total HCR Signal.tif,0.304,41.500,41,42,146.818,277.257,12.621,83
357,vms20_3a_F1_L1_Dapi-gad1b-chGFP488-vglut2-rbRFP594-syt11b-B3-647_3D_Total HCR Signal.tif,0.760,46.200,40,52,147.909,277.764,35.127,231
358,vms20_3a_F1_L1_Dapi-gad1b-chGFP488-vglut2-rbRFP594-syt11b-B3-647_3D_Total HCR Signal.tif,0.304,44.000,41,47,259.319,278.622,13.382,88
359,vms20_3a_F1_L1_Dapi-gad1b-chGFP488-vglut2-rbRFP594-syt11b-B3-647_3D_Total HCR Signal.tif,5.778,53.368,40,73,147.146,280.366,308.385,2028.000
360,vms20_3a_F1_L1_Dapi-gad1b-chGFP488-vglut2-rbRFP594-syt11b-B3-647_3D_Total HCR Signal.tif,0.912,47.167,42,56,258.214,279.467,43.034,283
361,vms20_3a_F1_L1_Dapi-gad1b-chGFP488-vglut2-rbRFP594-syt11b-B3-647_3D_Total HCR Signal.tif,0.152,44.000,44,44,142.918,279.402,6.691,44
362,vms20_3a_F1_L1_Dapi-gad1b-chGFP488-vglut2-rbRFP594-syt11b-B3-647_3D_Total HCR Signal.tif,0.152,51.000,51,51,261.854,280.182,7.755,51
363,vms20_3a_F1_L1_Dapi-gad1b-chGFP488-vglut2-rbRFP594-syt11b-B3-647_3D_Total HCR Signal.tif,1.217,52.750,44,63,143.795,280.815,64.171,422
364,vms20_3a_F1_L1_Dapi-gad1b-chGFP488-vglut2-rbRFP594-syt11b-B3-647_3D_Total HCR Signal.tif,1.825,57.333,40,75,261.204,282.034,104.620,688
365,vms20_3a_F1_L1_Dapi-gad1b-chGFP488-vglut2-rbRFP594-syt11b-B3-647_3D_Total HCR Signal.tif,1.217,49.875,42,61,259.027,282.911,60.673,399
366,vms20_3a_F1_L1_Dapi-gad1b-chGFP488-vglut2-rbRFP594-syt11b-B3-647_3D_Total HCR Signal.tif,1.673,47.727,41,63,124.058,285.464,79.834,525
367,vms20_3a_F1_L1_Dapi-gad1b-chGFP488-vglut2-rbRFP594-syt11b-B3-647_3D_Total HCR Signal.tif,0.152,47.000,47,47,126.150,284.861,7.147,47
368,vms20_3a_F1_L1_Dapi-gad1b-chGFP488-vglut2-rbRFP594-syt11b-B3-647_3D_Total HCR Signal.tif,0.152,44.000,44,44,144.868,284.861,6.691,44
369,vms20_3a_F1_L1_Dapi-gad1b-chGFP488-vglut2-rbRFP594-syt11b-B3-647_3D_Total HCR Signal.tif,0.152,41.000,41,41,145.258,285.641,6.235,41
370,vms20_3a_F1_L1_Dapi-gad1b-chGFP488-vglut2-rbRFP594-syt11b-B3-647_3D_Total HCR Signal.tif,0.152,42.000,42,42,100.413,286.031,6.387,42
371,vms20_3a_F1_L1_Dapi-gad1b-chGFP488-vglut2-rbRFP594-syt11b-B3-647_3D_Total HCR Signal.tif,0.152,40.000,40,40,122.250,286.031,6.083,40
372,vms20_3a_F1_L1_Dapi-gad1b-chGFP488-vglut2-rbRFP594-syt11b-B3-647_3D_Total HCR Signal.tif,0.304,47.500,42,53,331.656,286.226,14.446,95
373,vms20_3a_F1_L1_Dapi-gad1b-chGFP488-vglut2-rbRFP594-syt11b-B3-647_3D_Total HCR Signal.tif,0.152,41.000,41,41,98.463,286.421,6.235,41
374,vms20_3a_F1_L1_Dapi-gad1b-chGFP488-vglut2-rbRFP594-syt11b-B3-647_3D_Total HCR Signal.tif,0.760,49.000,40,61,97.215,286.967,37.256,245
375,vms20_3a_F1_L1_Dapi-gad1b-chGFP488-vglut2-rbRFP594-syt11b-B3-647_3D_Total HCR Signal.tif,0.152,42.000,42,42,144.088,286.811,6.387,42
376,vms20_3a_F1_L1_Dapi-gad1b-chGFP488-vglut2-rbRFP594-syt11b-B3-647_3D_Total HCR Signal.tif,0.608,45.250,41,51,255.712,286.908,27.524,181
377,vms20_3a_F1_L1_Dapi-gad1b-chGFP488-vglut2-rbRFP594-syt11b-B3-647_3D_Total HCR Signal.tif,0.456,46.000,42,54,327.886,287.461,20.985,138
378,vms20_3a_F1_L1_Dapi-gad1b-chGFP488-vglut2-rbRFP594-syt11b-B3-647_3D_Total HCR Signal.tif,0.152,43.000,43,43,123.810,287.591,6.539,43
379,vms20_3a_F1_L1_Dapi-gad1b-chGFP488-vglut2-rbRFP594-syt11b-B3-647_3D_Total HCR Signal.tif,0.152,42.000,42,42,144.478,287.591,6.387,42
380,vms20_3a_F1_L1_Dapi-gad1b-chGFP488-vglut2-rbRFP594-syt11b-B3-647_3D_Total HCR Signal.tif,0.152,49.000,49,49,256.784,287.591,7.451,49
381,vms20_3a_F1_L1_Dapi-gad1b-chGFP488-vglut2-rbRFP594-syt11b-B3-647_3D_Total HCR Signal.tif,0.152,40.000,40,40,112.112,287.981,6.083,40
382,vms20_3a_F1_L1_Dapi-gad1b-chGFP488-vglut2-rbRFP594-syt11b-B3-647_3D_Total HCR Signal.tif,0.152,42.000,42,42,122.640,287.981,6.387,42
383,vms20_3a_F1_L1_Dapi-gad1b-chGFP488-vglut2-rbRFP594-syt11b-B3-647_3D_Total HCR Signal.tif,1.064,55.000,42,71,155.397,288.371,58.545,385
384,vms20_3a_F1_L1_Dapi-gad1b-chGFP488-vglut2-rbRFP594-syt11b-B3-647_3D_Total HCR Signal.tif,1.521,45.700,40,61,152.784,288.956,69.493,457
385,vms20_3a_F1_L1_Dapi-gad1b-chGFP488-vglut2-rbRFP594-syt11b-B3-647_3D_Total HCR Signal.tif,0.152,47.000,47,47,329.316,288.371,7.147,47
386,vms20_3a_F1_L1_Dapi-gad1b-chGFP488-vglut2-rbRFP594-syt11b-B3-647_3D_Total HCR Signal.tif,0.152,41.000,41,41,331.266,288.371,6.235,41
387,vms20_3a_F1_L1_Dapi-gad1b-chGFP488-vglut2-rbRFP594-syt11b-B3-647_3D_Total HCR Signal.tif,0.456,44.000,40,50,334.645,288.501,20.072,132
388,vms20_3a_F1_L1_Dapi-gad1b-chGFP488-vglut2-rbRFP594-syt11b-B3-647_3D_Total HCR Signal.tif,0.152,43.000,43,43,122.640,288.761,6.539,43
389,vms20_3a_F1_L1_Dapi-gad1b-chGFP488-vglut2-rbRFP594-syt11b-B3-647_3D_Total HCR Signal.tif,0.304,41.000,41,41,255.420,288.956,12.469,82
390,vms20_3a_F1_L1_Dapi-gad1b-chGFP488-vglut2-rbRFP594-syt11b-B3-647_3D_Total HCR Signal.tif,0.456,47.333,42,53,257.954,288.761,21.593,142
391,vms20_3a_F1_L1_Dapi-gad1b-chGFP488-vglut2-rbRFP594-syt11b-B3-647_3D_Total HCR Signal.tif,0.152,43.000,43,43,84.815,289.151,6.539,43
392,vms20_3a_F1_L1_Dapi-gad1b-chGFP488-vglut2-rbRFP594-syt11b-B3-647_3D_Total HCR Signal.tif,0.608,41.750,40,45,110.747,289.248,25.395,167
393,vms20_3a_F1_L1_Dapi-gad1b-chGFP488-vglut2-rbRFP594-syt11b-B3-647_3D_Total HCR Signal.tif,0.152,40.000,40,40,111.332,289.931,6.083,40
394,vms20_3a_F1_L1_Dapi-gad1b-chGFP488-vglut2-rbRFP594-syt11b-B3-647_3D_Total HCR Signal.tif,0.304,42.500,41,44,154.227,290.515,12.925,85
395,vms20_3a_F1_L1_Dapi-gad1b-chGFP488-vglut2-rbRFP594-syt11b-B3-647_3D_Total HCR Signal.tif,2.889,52.158,40,76,152.564,292.229,150.695,991
396,vms20_3a_F1_L1_Dapi-gad1b-chGFP488-vglut2-rbRFP594-syt11b-B3-647_3D_Total HCR Signal.tif,1.217,48.250,42,68,280.035,292.027,58.697,386
397,vms20_3a_F1_L1_Dapi-gad1b-chGFP488-vglut2-rbRFP594-syt11b-B3-647_3D_Total HCR Signal.tif,0.456,46.000,40,53,288.891,291.750,20.985,138
398,vms20_3a_F1_L1_Dapi-gad1b-chGFP488-vglut2-rbRFP594-syt11b-B3-647_3D_Total HCR Signal.tif,0.152,40.000,40,40,129.270,293.050,6.083,40
399,vms20_3a_F1_L1_Dapi-gad1b-chGFP488-vglut2-rbRFP594-syt11b-B3-647_3D_Total HCR Signal.tif,0.304,41.000,40,42,141.748,293.245,12.469,82
400,vms20_3a_F1_L1_Dapi-gad1b-chGFP488-vglut2-rbRFP594-syt11b-B3-647_3D_Total HCR Signal.tif,0.912,60.667,40,78,154.812,293.245,55.351,364
401,vms20_3a_F1_L1_Dapi-gad1b-chGFP488-vglut2-rbRFP594-syt11b-B3-647_3D_Total HCR Signal.tif,0.912,45.333,40,56,284.276,293.700,41.361,272
402,vms20_3a_F1_L1_Dapi-gad1b-chGFP488-vglut2-rbRFP594-syt11b-B3-647_3D_Total HCR Signal.tif,0.304,46.000,45,47,131.804,294.610,13.990,92
403,vms20_3a_F1_L1_Dapi-gad1b-chGFP488-vglut2-rbRFP594-syt11b-B3-647_3D_Total HCR Signal.tif,0.152,49.000,49,49,283.301,294.610,7.451,49
404,vms20_3a_F1_L1_Dapi-gad1b-chGFP488-vglut2-rbRFP594-syt11b-B3-647_3D_Total HCR Signal.tif,0.152,45.000,45,45,283.301,296.170,6.843,45
405,vms20_3a_F1_L1_Dapi-gad1b-chGFP488-vglut2-rbRFP594-syt11b-B3-647_3D_Total HCR Signal.tif,1.825,56.083,42,74,179.184,298.315,102.339,673
406,vms20_3a_F1_L1_Dapi-gad1b-chGFP488-vglut2-rbRFP594-syt11b-B3-647_3D_Total HCR Signal.tif,14.902,56.847,40,98,176.709,301.040,847.148,5571
407,vms20_3a_F1_L1_Dapi-gad1b-chGFP488-vglut2-rbRFP594-syt11b-B3-647_3D_Total HCR Signal.tif,0.152,52.000,52,52,287.591,298.899,7.907,52
408,vms20_3a_F1_L1_Dapi-gad1b-chGFP488-vglut2-rbRFP594-syt11b-B3-647_3D_Total HCR Signal.tif,4.714,62.581,40,113,169.007,300.950,295.004,1940
409,vms20_3a_F1_L1_Dapi-gad1b-chGFP488-vglut2-rbRFP594-syt11b-B3-647_3D_Total HCR Signal.tif,0.456,53.333,46,59,270.823,299.289,24.330,160
410,vms20_3a_F1_L1_Dapi-gad1b-chGFP488-vglut2-rbRFP594-syt11b-B3-647_3D_Total HCR Signal.tif,0.760,47.000,41,51,170.761,300.381,35.735,235
411,vms20_3a_F1_L1_Dapi-gad1b-chGFP488-vglut2-rbRFP594-syt11b-B3-647_3D_Total HCR Signal.tif,0.304,43.500,42,45,184.058,300.459,13.230,87
412,vms20_3a_F1_L1_Dapi-gad1b-chGFP488-vglut2-rbRFP594-syt11b-B3-647_3D_Total HCR Signal.tif,2.585,54.882,41,85,182.143,301.583,141.876,933
413,vms20_3a_F1_L1_Dapi-gad1b-chGFP488-vglut2-rbRFP594-syt11b-B3-647_3D_Total HCR Signal.tif,0.152,42.000,42,42,185.423,301.239,6.387,42
414,vms20_3a_F1_L1_Dapi-gad1b-chGFP488-vglut2-rbRFP594-syt11b-B3-647_3D_Total HCR Signal.tif,0.608,53.750,43,60,166.900,302.994,32.694,215
415,vms20_3a_F1_L1_Dapi-gad1b-chGFP488-vglut2-rbRFP594-syt11b-B3-647_3D_Total HCR Signal.tif,0.304,44.500,44,45,178.794,302.994,13.534,89
416,vms20_3a_F1_L1_Dapi-gad1b-chGFP488-vglut2-rbRFP594-syt11b-B3-647_3D_Total HCR Signal.tif,1.977,52.231,41,70,168.955,303.549,103.251,679
417,vms20_3a_F1_L1_Dapi-gad1b-chGFP488-vglut2-rbRFP594-syt11b-B3-647_3D_Total HCR Signal.tif,1.369,52.333,40,69,171.991,305.052,71.622,471
418,vms20_3a_F1_L1_Dapi-gad1b-chGFP488-vglut2-rbRFP594-syt11b-B3-647_3D_Total HCR Signal.tif,0.152,41.000,41,41,174.894,305.139,6.235,41
419,vms20_3a_F1_L1_Dapi-gad1b-chGFP488-vglut2-rbRFP594-syt11b-B3-647_3D_Total HCR Signal.tif,0.304,46.000,41,51,305.529,315.472,13.990,92
420,vms20_3a_F1_L1_Dapi-gad1b-chGFP488-vglut2-rbRFP594-syt11b-B3-647_3D_Total HCR Signal.tif,1.064,46.429,40,54,282.689,317.450,49.421,325
421,vms20_3a_F1_L1_Dapi-gad1b-chGFP488-vglut2-rbRFP594-syt11b-B3-647_3D_Total HCR Signal.tif,0.152,41.000,41,41,289.541,317.227,6.235,41
422,vms20_3a_F1_L1_Dapi-gad1b-chGFP488-vglut2-rbRFP594-syt11b-B3-647_3D_Total HCR Signal.tif,0.456,46.000,40,55,286.551,317.747,20.985,138
423,vms20_3a_F1_L1_Dapi-gad1b-chGFP488-vglut2-rbRFP594-syt11b-B3-647_3D_Total HCR Signal.tif,10.644,53.643,40,95,214.029,320.146,571.000,3755
424,vms20_3a_F1_L1_Dapi-gad1b-chGFP488-vglut2-rbRFP594-syt11b-B3-647_3D_Total HCR Signal.tif,0.304,50.000,49,51,268.093,318.592,15.206,100
425,vms20_3a_F1_L1_Dapi-gad1b-chGFP488-vglut2-rbRFP594-syt11b-B3-647_3D_Total HCR Signal.tif,0.152,43.000,43,43,308.648,318.397,6.539,43
426,vms20_3a_F1_L1_Dapi-gad1b-chGFP488-vglut2-rbRFP594-syt11b-B3-647_3D_Total HCR Signal.tif,13.077,52.279,40,90,213.890,324.469,683.679,4496
427,vms20_3a_F1_L1_Dapi-gad1b-chGFP488-vglut2-rbRFP594-syt11b-B3-647_3D_Total HCR Signal.tif,8.972,51.966,40,91,216.441,328.338,466.228,3066
428,vms20_3a_F1_L1_Dapi-gad1b-chGFP488-vglut2-rbRFP594-syt11b-B3-647_3D_Total HCR Signal.tif,0.152,42.000,42,42,219.349,326.586,6.387,42
429,vms20_3a_F1_L1_Dapi-gad1b-chGFP488-vglut2-rbRFP594-syt11b-B3-647_3D_Total HCR Signal.tif,0.304,45.500,44,47,218.374,329.706,13.838,91
430,vms20_3a_F1_L1_Dapi-gad1b-chGFP488-vglut2-rbRFP594-syt11b-B3-647_3D_Total HCR Signal.tif,1.064,54.286,41,71,219.850,330.709,57.784,380
431,vms20_3a_F1_L1_Dapi-gad1b-chGFP488-vglut2-rbRFP594-syt11b-B3-647_3D_Total HCR Signal.tif,0.608,47.750,40,53,217.789,331.363,29.044,191
432,vms20_3a_F1_L1_Dapi-gad1b-chGFP488-vglut2-rbRFP594-syt11b-B3-647_3D_Total HCR Signal.tif,0.152,43.000,43,43,305.139,334.775,6.539,43
433,vms20_3a_F1_L1_Dapi-gad1b-chGFP488-vglut2-rbRFP594-syt11b-B3-647_3D_Total HCR Signal.tif,0.760,47.200,43,51,269.731,341.794,35.887,236
